id,defensiveness,general,racial_gaslighting,tone_policing,white_centring,annotation,ally_type
1341151492103954433,0,0,1,0,0,A,E
1341152478042177536,0,1,0,0,0,A,T
1341154198184857600,0,1,0,0,0,A,T
1341155077898137600,0,1,0,0,0,A,G
1341155411056095238,0,1,0,0,0,A,T
1341155578584961034,0,1,0,0,0,A,T
1341156199195095047,0,1,0,0,0,A,T
1341157379270799361,0,1,0,0,0,A,T
1341157543985487872,0,1,0,0,0,A,T
1341157824055844864,0,0,1,0,0,A,G
1341159082481381385,0,1,0,0,0,A,T
1341159557901369344,0,0,1,0,0,A,E
1341159823942029314,0,1,0,0,0,A,G
1341160321348739072,0,1,0,0,0,A,T
1341161403831357440,0,0,1,0,0,A,T
1341161673923547136,0,0,1,0,0,A,G
1341161768203157504,0,1,0,0,0,A,T
1341161998994817025,0,1,1,0,0,A,T
1341162648306671616,0,0,1,0,0,A,G
1341162745710870529,0,1,0,0,0,A,G
1341162818935001088,0,1,0,0,0,A,G
1341163232761946113,0,0,1,0,0,A,E
1341163268312866818,0,1,0,0,0,A,T
1341163352744050689,0,1,0,0,0,A,T
1341163580213915654,0,1,0,0,0,A,T
1341164385230675968,0,1,0,1,0,A,G
1341164686666940416,0,0,1,0,0,A,E
1341164709890895872,0,1,0,0,0,A,T
1341165511153872896,0,1,1,0,0,A,T
1341165829564448773,0,0,1,0,0,A,G
1341166067889029120,0,1,0,0,0,A,T
1341166222650580993,0,1,0,0,0,A,G
1341166543506448386,0,1,0,0,0,A,T
1341166821198671874,0,1,0,0,0,A,G
1341167102003085312,0,1,0,0,0,A,T
1341167124501340161,0,1,0,0,0,A,E
1341167398653587458,0,1,0,0,0,A,T
1341167815081005059,0,1,0,0,0,A,T
1341167981393526787,0,1,0,0,0,A,G
1341168029065994242,0,0,1,0,0,A,G
1341168481782263809,0,1,0,0,0,A,G
1341168642101305346,0,1,0,0,0,A,T
1341169072550146048,0,1,0,0,0,A,G
1341169297515663360,0,0,0,0,1,A,G
1341169376582639623,0,0,1,1,0,A,G
1341169405699510273,0,1,0,0,0,A,T
1341169574981509120,0,0,1,0,0,A,G
1341169747044356096,0,0,1,0,0,M,
1341170066516271104,0,1,0,0,0,A,T
1341170198255157248,0,1,0,0,0,M,
1341170590007390208,0,1,0,0,0,A,T
1341170868089663491,0,0,1,0,0,A,G
1341171934051110919,0,1,0,0,0,A,G
1341172292924010496,1,1,1,0,0,A,T
1341172293054173189,0,1,0,0,0,A,T
1341172407894233090,0,1,0,0,0,A,G
1341172536877395968,0,1,0,0,0,A,T
1341172597925552132,0,1,0,0,0,A,T
1341173015652941825,0,1,0,0,0,A,T
1341173028747583488,0,1,1,0,0,A,T
1341173374916112387,0,0,1,0,1,A,G
1341173712456884225,0,1,0,0,0,A,T
1341173792505131009,0,1,0,0,0,A,T
1341174041097371649,0,0,1,0,0,A,G
1341174126384467982,0,0,1,0,0,M,
1341174222291255297,0,0,1,0,0,U,
1341174678249852929,0,1,0,0,0,A,G
1341174868260360192,0,1,0,0,0,A,T
1341175174788505600,0,0,1,0,0,A,G
1341175219172589570,0,1,0,0,0,A,T
1341175234682974208,0,1,0,1,0,A,T
1341175427876990978,0,1,0,0,0,A,T
1341175507631652864,0,1,0,0,0,A,T
1341175922087628801,0,1,0,0,0,A,T
1341176196424318976,0,1,0,0,0,A,T
1341176502310735873,0,0,1,0,0,U,
1341176553682583553,0,1,0,0,0,A,G
1341176648813731841,0,1,0,0,0,A,T
1341177080072036352,0,1,0,0,0,A,E
1341177123961188354,0,1,0,0,0,U,
1341177230421057537,0,1,0,0,0,A,T
1341177269667172352,0,1,0,0,0,A,G
1341177331356995585,0,1,0,0,0,A,T
1341177496365129729,0,1,0,0,0,A,T
1341177784970915843,0,0,1,0,0,A,G
1341177976872906754,0,1,0,0,0,A,G
1341177999119405063,0,1,0,0,0,A,T
1341178259984306179,0,0,1,0,0,A,G
1341178507854897152,0,1,0,0,0,A,G
1341178635336691714,0,0,1,0,0,U,
1341179193871101953,0,1,0,0,0,A,T
1341179334506135557,0,1,0,0,0,A,T
1341179975819550721,1,0,0,0,0,A,E
1341180260973486085,0,0,1,0,0,U,
1341180294079115264,0,0,1,0,0,A,G
1341180344209432583,0,1,0,0,0,A,T
1341180517291446272,0,1,0,0,0,A,T
1341180550955081728,0,1,0,0,0,A,G
1341180661407895552,0,0,1,0,0,U,
1341180688188334080,0,0,1,0,0,U,
1341180797550817281,0,1,0,0,0,A,E
1341180838898245633,1,0,1,0,0,A,G
1341181142834307077,0,1,0,0,0,A,T
1341181214355566593,0,1,0,0,0,A,G
1341181512188870658,0,0,1,0,1,U,
1341181591264108545,0,0,1,0,0,U,
1341182224809426949,0,0,1,0,0,A,G
1341182504607297536,0,0,1,0,0,A,G
1341182963569070080,0,1,0,0,0,A,T
1341183293723729920,0,1,0,0,0,A,T
1341183545239195648,0,1,0,0,0,A,T
1341183687157755909,0,1,0,0,0,A,T
1341183944629346304,0,0,0,0,1,A,G
1341184404534784000,0,0,1,0,0,U,
1341184411304423424,0,0,1,0,0,U,
1341184455591903232,0,1,0,0,0,A,T
1341184622848339969,0,1,0,0,0,A,T
1341185284621430784,0,1,0,0,0,A,T
1341185386257805312,0,0,1,0,0,A,G
1341185526267785217,0,1,0,0,0,A,T
1341185688230744065,0,1,0,0,0,A,T
1341187216005951488,0,1,0,0,0,A,T
1341187345005985792,0,1,0,0,0,A,T
1341188028769943552,0,1,0,0,0,A,T
1341188232499912705,0,1,0,0,0,A,T
1341188444521979904,0,0,1,0,0,A,E
1341188787788001281,0,1,0,0,0,A,T
1341189982988341249,0,1,0,0,0,A,G
1341190295241809921,0,0,0,1,0,U,
1341190299717165056,0,1,1,0,0,A,T
1341190331476430848,0,1,0,0,0,A,T
1341190442969272321,0,1,0,0,0,A,T
1341190654253289473,0,0,1,0,0,A,E
1341190886768734208,0,1,0,0,0,A,T
1341191124258590720,0,1,0,0,0,A,G
1341191690279940098,0,1,1,0,0,A,G
1341192503891009541,0,0,1,0,0,U,
1341193013159055360,0,1,0,0,0,A,T
1341193422393270274,0,1,0,0,0,A,T
1341193651922350080,0,1,0,0,0,A,T
1341193798680866818,0,1,0,0,0,A,T
1341194161366724615,0,1,0,0,0,A,T
1341194520348614657,0,1,0,0,0,A,T
1341194764662792195,0,0,1,0,0,U,
1341194783491051522,0,1,0,0,0,A,T
1341194937073717250,0,1,0,0,0,A,T
1341194945672085505,0,1,0,0,0,A,T
1341195736655028225,0,1,0,0,0,U,
1341196056642670592,0,1,0,0,0,U,
1341196668084097024,0,0,1,0,0,U,
1341196991330660355,0,0,1,0,0,A,G
1341197619415101440,0,1,0,0,0,A,T
1341197890228805639,0,0,1,0,0,U,
1341197975574503425,0,1,0,0,0,A,T
1341198385605451787,0,1,0,0,0,A,T
1341198450508124160,0,1,0,0,0,A,T
1341198705962196992,0,1,0,0,0,A,G
1341198832940568583,0,1,0,0,0,A,T
1341198872329252864,0,1,0,0,0,A,T
1341199117494743042,0,1,1,0,0,A,G
1341199262542082048,0,1,0,0,0,A,T
1341199374181937154,0,1,0,0,0,A,T
1341199553966395392,0,1,0,0,0,A,T
1341199595007844352,1,0,0,0,0,A,G
1341199698472828928,0,1,0,0,0,A,T
1341199830807236608,0,1,0,0,0,A,E
1341200222618316800,0,1,0,0,0,A,G
1341200351408623616,0,0,1,0,0,A,E
1341200402004492288,0,1,0,0,0,A,T
1341200654979751937,0,1,0,0,0,A,T
1341200688169144320,0,1,0,0,0,A,E
1341200968218718208,0,0,1,0,0,U,
1341200972207583234,0,1,0,0,0,A,T
1341201237102845953,0,1,0,0,0,A,T
1341201369219407873,0,1,1,0,0,A,T
1341201426094145538,0,0,1,0,0,A,G
1341201559942803456,0,0,1,0,0,U,
1341201747730116610,0,1,0,0,0,A,G
1341201929272053760,0,1,0,0,0,A,T
1341202712722063362,0,0,1,0,0,U,
1341202764471304192,0,1,1,0,0,M,
1341203059997700097,0,1,0,0,0,A,T
1341203639692455938,0,0,0,1,0,A,G
1341203806516772864,0,0,1,0,0,U,
1341203957994024960,0,1,0,0,0,A,T
1341204169521246208,0,0,1,0,0,A,G
1341204805113569280,0,1,0,0,0,A,T
1341204883693826048,0,1,0,0,0,A,T
1341204890496937984,0,0,1,0,0,A,G
1341205538625839110,0,0,1,0,0,U,
1341206194850029569,0,1,0,0,0,A,G
1341206525168283648,0,0,1,0,0,U,
1341206764545404929,0,1,0,0,0,A,T
1341206974570975232,0,0,1,0,0,U,
1341207258726715393,0,0,1,0,0,A,G
1341207411881865217,0,0,1,0,0,U,
1341207830112530433,1,0,0,0,0,U,
1341207944893853696,0,1,0,0,0,A,T
1341207951449722880,0,0,1,0,0,A,G
1341208117103611906,0,1,0,0,0,A,T
1341208665991344128,0,0,1,0,0,A,G
1341208789337436162,0,0,0,1,0,A,E
1341209042421690368,0,1,0,0,0,A,T
1341209291076694016,0,0,1,0,1,A,G
1341209424912920579,0,1,0,0,0,A,T
1341209429660844033,0,1,0,0,0,A,T
1341209897615155200,0,1,0,0,0,A,T
1341209924735537155,0,1,0,0,0,A,T
1341210159457193984,0,1,0,0,0,A,T
1341210358262992896,0,1,0,0,0,A,G
1341210580154249218,0,1,0,0,0,A,T
1341210719690371075,0,1,0,0,0,A,T
1341210862187507712,0,0,0,1,0,A,G
1341210864624545792,0,1,0,0,0,A,T
1341211212474826752,0,1,0,0,0,A,T
1341211658828480513,0,1,0,0,0,A,T
1341211744648118272,0,1,0,0,0,A,T
1341212302234832898,0,1,0,0,0,A,T
1341212706662211587,0,1,0,0,0,A,T
1341213298965032961,0,1,0,0,0,A,T
1341213535506898945,0,1,0,0,0,A,T
1341214145375576072,0,1,0,0,0,A,T
1341214244222582784,0,1,1,1,0,A,G
1341214743818870785,0,0,1,0,0,U,
1341214800190140416,0,1,0,0,0,A,T
1341215132240797696,0,1,0,0,0,A,T
1341215443181252609,0,0,0,0,1,M,
1341216223887966208,0,1,0,0,0,A,T
1341216252140859395,0,1,0,0,0,A,T
1341216308579352576,0,0,0,0,1,A,E
1341216412883251200,0,1,0,0,0,U,
1341216557771284480,0,1,0,0,0,A,T
1341217164779503622,0,0,1,0,0,U,
1341217544103968768,0,1,0,0,0,A,T
1341217568871333889,0,1,0,0,0,A,G
1341217745833054208,0,1,0,0,0,A,T
1341217828452655110,0,1,0,0,0,A,T
1341218205902065664,0,1,0,0,0,A,T
1341218538497949697,0,1,0,0,0,A,T
1341218642520903686,0,1,0,0,0,A,T
1341219418760761344,0,0,0,1,0,A,G
1341219461416804356,0,0,1,0,0,U,
1341219737263505408,0,1,1,0,0,A,G
1341219810693230594,0,1,0,0,0,U,
1341219830456676352,1,0,0,0,0,A,E
1341220186649731072,0,0,1,0,0,U,
1341220244963033088,0,1,0,0,0,M,
1341220539327795203,0,0,1,0,0,U,
1341220873194401794,0,1,0,0,0,A,T
1341221677888397314,0,0,1,0,0,U,
1341221930926563329,0,1,0,0,0,A,T
1341222103178244096,0,1,0,0,0,A,G
1341222476366278660,0,1,0,0,0,A,T
1341222708407902208,0,0,1,0,0,U,
1341222805153701892,1,0,0,0,0,A,G
1341223049006346241,0,1,0,0,0,A,T
1341223281576304642,0,1,0,0,0,A,T
1341223501542416384,0,1,0,0,0,A,T
1341223561994919936,0,0,1,0,0,U,
1341223731973255168,0,1,0,0,0,A,T
1341223734414254080,0,0,1,0,1,U,
1341223768958464000,0,1,0,0,0,A,T
1341223963045838854,0,0,0,0,1,A,G
1341224437165793280,0,0,0,1,0,U,
1341224460456583170,0,1,0,0,0,A,T
1341224525627875329,0,1,0,0,0,A,G
1341224606657634309,0,1,1,0,0,A,T
1341225074330906625,0,1,1,0,0,A,T
1341225174226657280,0,1,0,0,0,A,T
1341225332527964160,0,1,0,0,0,A,T
1341225879452598273,0,1,0,0,0,A,T
1341226458014879749,0,1,0,0,0,A,T
1341226638827278337,0,1,0,0,0,A,T
1341227720525705216,0,0,1,0,0,U,
1341227901094662144,0,0,1,0,0,U,
1341228195039899648,1,0,1,0,0,A,G
1341228335590850560,0,0,1,0,0,A,G
1341228541468422147,0,1,0,0,0,A,T
1341228596996653059,0,1,0,0,0,A,T
1341228635202707458,0,0,1,0,0,U,
1341228836961325056,0,1,1,0,0,A,E
1341228884239511554,0,0,1,0,0,U,
1341228940065730560,0,1,0,0,0,A,T
1341229514144108544,0,0,1,0,0,A,G
1341229727441367040,0,0,1,0,0,M,
1341229944718958594,0,0,1,0,0,A,G
1341230561428430848,0,1,1,0,0,A,T
1341231946421157889,0,1,0,0,0,A,G
1341232588942413826,0,1,0,0,0,A,T
1341234126049972225,0,1,0,0,0,A,T
1341234199064416256,0,0,1,0,0,A,G
1341235513991303168,0,1,0,0,0,A,T
1341235750118055942,0,0,1,0,0,A,G
1341236118574882817,0,1,0,0,0,A,T
1341236171075067904,0,1,0,0,0,A,T
1341236668729319427,0,1,0,0,0,A,T
1341237080463175680,0,1,0,0,0,A,G
1341237253042036737,0,1,0,0,0,A,G
1341239352484106240,0,1,0,0,0,A,G
1341239513553784832,0,1,0,0,0,A,G
1341239629375160320,0,1,0,0,0,U,
1341240111653117954,0,0,1,0,0,U,
1341240450062020609,0,0,1,0,0,U,
1341240721525903365,0,0,1,0,0,A,G
1341240969862152193,0,0,1,1,1,M,
1341240970659041283,0,1,0,0,0,A,T
1341242279462379520,1,1,1,0,0,A,T
1341242760435650560,0,0,1,0,0,U,
1341243199881396224,0,1,0,0,0,U,
1341244172678868992,0,0,1,0,0,A,G
1341246538736160768,0,1,0,0,0,A,T
1341246705187078145,0,1,0,0,0,A,G
1341247597751746564,0,1,0,0,0,A,G
1341248922564526082,0,0,0,1,0,U,
1341249475894013952,0,0,1,0,0,A,G
1341249530625314816,0,1,0,0,0,A,T
1341250904570261504,0,1,0,0,0,A,T
1341251924646092801,0,0,1,0,0,U,
1341252460355043328,0,0,0,1,0,U,
1341252850580672514,0,1,0,0,0,A,T
1341252904804438018,0,1,0,0,0,A,T
1341253000023613442,0,1,0,0,0,A,G
1341253365427105792,0,0,1,0,0,U,
1341253647967997952,0,1,1,0,0,A,G
1341254421599170566,0,0,1,0,0,U,
1341255399505342464,0,0,1,1,0,A,E
1341255785850925056,0,1,0,0,0,U,
1341256945605423104,0,0,1,0,0,U,
1341257080481533953,0,1,0,0,0,A,T
1341258072669433856,0,0,1,0,0,M,
1341258399741325313,0,0,1,0,0,M,
1341258939510517762,0,0,1,0,0,A,G
1341259062210510848,0,0,1,0,0,A,G
1341259729386037248,0,0,1,0,0,A,G
1341260324209479680,0,1,0,0,0,A,T
1341261714373791745,0,0,1,0,0,A,G
1341261839682846725,0,0,1,0,0,A,E
1341261842736406529,0,0,1,0,0,A,E
1341263528787734529,0,0,1,0,0,A,G
1341263784447520768,1,0,0,0,0,M,
1341264062261329920,0,0,1,0,0,M,
1341264334119301120,1,0,1,0,0,A,G
1341264937717403648,0,1,0,0,0,M,
1341266126915784704,0,0,1,0,0,U,
1341266207933083648,0,1,0,0,0,A,T
1341266280767135745,0,0,1,0,0,U,
1341267392001945600,0,0,1,0,0,A,G
1341267670906355712,0,0,1,0,0,U,
1341268389055049728,0,1,0,0,0,U,
1341268949103751168,0,0,1,0,0,U,
1341269542606139393,0,0,1,0,0,U,
1341270191636922368,0,0,1,0,0,A,G
1341270295349522432,0,0,1,0,0,A,G
1341270987795550208,0,1,0,0,0,A,T
1341272182035460097,0,0,1,0,0,M,
1341272685238632448,0,0,1,0,0,U,
1341272832286703616,0,1,0,0,0,A,T
1341273013170388992,0,1,1,0,0,A,G
1341273578906464256,0,0,1,0,0,A,G
1341273627908444161,0,0,1,0,0,U,
1341274346032119808,0,0,1,0,0,A,G
1341274651792650240,0,0,1,0,0,A,G
1341274752170618880,0,0,1,0,0,A,G
1341275896670539778,0,0,1,0,0,A,G
1341276009069305856,0,1,0,0,0,A,T
1341276225726255106,0,0,1,0,0,U,
1341276368852688896,0,1,0,0,0,A,T
1341277188641927168,0,0,1,0,0,A,G
1341277636027244549,0,1,1,0,0,U,
1341277660874326017,0,0,1,0,0,A,G
1341278390788239361,0,1,0,0,0,A,G
1341279447228542978,0,1,0,0,0,A,T
1341279537460613120,0,1,0,0,0,M,
1341280243324096512,0,1,0,0,0,A,T
1341280400946192384,0,1,0,0,0,A,G
1341280545926500352,0,1,0,0,0,A,T
1341281785100062720,0,0,1,0,0,M,
1341281823326801922,0,0,0,1,0,A,E
1341282392590352384,0,1,0,0,0,A,G
1341282602364375046,0,0,1,0,0,A,G
1341283147028246531,0,1,0,0,0,A,G
1341283317996515329,0,0,1,0,0,A,E
1341284594860122113,0,0,1,0,0,U,
1341287879541178375,0,1,0,0,0,A,T
1341287912588062721,0,1,0,0,0,A,T
1341287934062936064,0,1,0,0,0,A,G
1341288354466451456,0,1,0,0,0,A,T
1341289347287449600,0,1,1,0,0,A,T
1341289759637786624,0,1,0,0,0,A,G
1341292211527438336,0,1,0,0,0,A,T
1341292675887034368,1,0,0,0,0,U,
1341293402252521474,0,1,0,0,0,A,T
1341294987510734848,0,0,1,0,0,M,
1341295011506348032,0,1,0,0,0,A,G
1341295218759323650,0,1,0,0,0,A,T
1341295352805257216,0,1,0,0,0,A,G
1341296553701601281,0,1,0,0,0,U,
1341297016744382464,0,1,0,0,0,A,G
1341297086835388421,0,1,0,0,0,U,
1341297163058507776,0,0,1,0,0,U,
1341298813990887424,0,0,1,0,0,A,G
1341299190836686848,0,0,0,1,0,A,G
1341299273397399553,0,1,1,0,0,A,G
1341306093092409346,0,1,0,0,0,A,T
1341307256206368769,0,1,0,0,0,A,T
1341308209525485568,0,0,1,0,0,U,
1341308829015961600,0,0,1,0,0,A,G
1341311710813011973,1,1,0,0,0,A,T
1341319138325786624,0,0,1,0,0,A,G
1341319540110745601,0,0,1,0,0,A,G
1341320079015866368,0,0,1,0,0,M,
1341320367261028352,0,1,0,0,0,A,G
1341320735218933762,0,0,1,0,0,A,G
1341321084440895488,1,0,1,0,0,M,
1341321221452013568,0,1,0,0,0,A,E
1341321645240295427,0,0,1,0,0,A,G
1341321994185240576,0,1,0,0,0,A,T
1341323995145113600,0,0,1,0,0,M,
1341324372775215106,0,1,0,0,0,A,T
1341326885272367105,0,0,1,0,0,M,
1341329168949194753,0,1,0,0,0,A,G
1341329786979938304,0,1,0,0,0,M,
1341330392855375873,0,1,1,0,0,A,G
1341331382279278595,0,0,1,0,0,A,G
1341332055842574339,0,0,1,0,0,A,G
1341333797640548353,0,1,0,0,0,A,G
1341334284959764481,0,1,0,0,0,A,T
1341335378578595840,0,0,1,0,0,U,
1341335482697957377,0,1,0,0,0,A,T
1341336169460711424,0,1,0,0,0,A,T
1341336195482017792,1,0,0,0,0,U,
1341336354332966914,0,0,1,1,0,A,G
1341336685448220674,0,0,1,0,0,A,G
1341336687817990146,0,1,0,0,0,A,T
1341337243231764480,0,1,0,0,0,A,G
1341337592885735426,0,1,0,0,0,A,G
1341338306924130304,0,0,1,0,0,A,E
1341338928343859200,0,0,1,0,0,A,G
1341341942907584513,1,0,0,0,0,A,G
1341343172341981185,0,1,0,0,0,A,T
1341344110842699777,0,0,1,0,0,U,
1341346966446338049,0,1,0,0,0,A,T
1341347607713558528,1,0,0,0,0,A,G
1341347891286294529,0,1,0,0,0,A,G
1341348299685715968,0,1,0,0,0,A,T
1341348403721203715,0,1,0,0,0,A,T
1341349639577100296,0,1,1,0,0,A,E
1341350018670850048,0,1,0,0,0,A,T
1341350446645075968,0,1,0,0,0,A,T
1341350576953552896,0,0,1,0,0,A,G
1341350861927297027,0,0,0,1,0,A,G
1341353010107211777,1,0,0,0,0,A,G
1341354310303662081,0,1,0,0,0,A,T
1341354376170930176,0,1,0,0,0,A,T
1341355238905810946,0,0,1,0,0,U,
1341355286649577473,0,1,0,0,0,A,G
1341355356086284288,0,1,0,0,0,A,T
1341355577725734912,0,0,0,0,1,M,
1341355852658302976,0,1,0,0,0,A,T
1341356532336893952,0,0,1,0,0,U,
1341358661386559488,0,1,1,0,0,A,G
1341358910356086792,0,1,0,0,0,A,T
1341359485537964035,0,0,1,0,0,U,
1341359820130140160,0,0,1,0,1,A,E
1341359969489145857,0,0,1,0,0,A,G
1341360324214185995,0,1,0,0,0,A,T
1341360368933748736,0,0,1,0,0,A,E
1341360929104162816,0,0,1,0,0,M,
1341360977523191808,0,1,0,0,0,A,T
1341361358659575808,0,0,1,0,0,U,
1341361366452592643,0,1,0,0,0,A,T
1341362374348029952,0,1,0,0,0,A,T
1341362447035342848,0,1,0,0,0,U,
1341362932186279936,0,1,1,0,0,A,G
1341363115238301696,0,1,0,0,0,A,T
1341363342754066434,0,1,0,0,0,U,
1341363575290556420,0,1,0,0,0,A,G
1341363709088837640,0,0,1,0,0,M,
1341363842958417925,0,0,1,0,0,M,
1341364586721628161,0,0,1,0,0,A,G
1341364706800508930,0,1,0,0,0,A,G
1341364886207655938,0,1,0,1,0,A,T
1341365197907353603,0,1,0,0,0,A,G
1341365425909673986,0,1,0,0,0,A,T
1341365905381609473,0,0,0,0,1,A,G
1341366221397131267,0,1,0,0,0,U,
1341366311989997570,0,1,0,0,0,A,E
1341366709798793217,0,0,1,0,0,A,G
1341367281658433536,0,1,0,0,0,U,
1341367291607470080,0,0,1,0,0,A,G
1341367310347456513,0,0,1,0,0,U,
1341367509744713730,0,0,1,0,0,A,G
1341367633359364096,0,1,0,0,0,A,T
1341367701881708545,0,0,1,0,0,M,
1341367703391653888,0,1,0,0,0,A,T
1341368469523222528,0,0,1,0,0,M,
1341368652751319040,0,1,0,0,0,A,T
1341368653078474753,0,0,0,1,0,A,G
1341368847673253890,1,0,0,0,0,U,
1341369242386653187,0,0,1,0,0,A,G
1341369598353043457,0,0,1,0,1,A,G
1341369652509896705,0,0,0,0,1,U,
1341370490968023043,1,0,1,0,0,A,G
1341370865695531008,0,0,1,0,0,U,
1341371022864347137,0,0,1,0,0,U,
1341371240972505089,0,1,0,0,1,A,T
1341371312686678018,0,1,0,0,0,A,G
1341371821988442113,0,1,0,0,0,A,T
1341372032261480451,0,1,0,0,0,A,T
1341372480355708931,0,1,0,0,0,A,T
1341374097842954241,0,1,0,0,0,A,T
1341374169523613696,0,1,0,0,0,A,T
1341374447194939392,0,1,1,0,0,A,T
1341374840524185602,0,1,0,0,0,U,
1341374880412020736,0,1,0,0,0,A,T
1341375027883765760,0,0,1,0,0,A,G
1341375157730992128,0,1,0,0,0,A,T
1341376835272257536,0,1,0,0,1,A,E
1341377130693836801,0,0,1,0,0,U,
1341378067843919873,0,1,0,0,0,A,G
1341378214904606722,0,0,1,0,0,M,
1341378795236941829,0,0,1,0,0,A,G
1341379160007172097,0,1,0,0,0,U,
1341379399837487110,0,1,0,0,0,A,T
1341379684517502982,0,0,1,0,0,A,E
1341379690687246336,0,0,0,1,0,U,
1341380208830472193,0,0,1,0,0,U,
1341380557448482816,0,0,1,0,0,A,G
1341380696598835200,0,0,1,0,0,A,G
1341380870821711872,0,0,1,0,0,A,G
1341380985485742080,0,0,1,0,0,A,G
1341381978394943488,0,1,0,0,0,A,T
1341382739715629056,0,0,1,0,0,A,G
1341382957274198016,0,0,1,0,0,A,G
1341383060734922753,0,0,1,0,0,U,
1341383072089038848,0,1,1,0,0,A,E
1341383184710324225,0,1,0,0,0,A,T
1341383763209539586,0,0,1,0,0,M,
1341383905212047362,0,0,1,0,0,A,E
1341384383710818306,0,0,1,0,0,U,
1341384739404464128,0,1,0,0,0,A,G
1341385054216474624,0,0,1,0,0,A,G
1341385223251107841,0,0,0,1,0,A,G
1341385625841393665,0,0,1,0,0,U,
1341385697568153602,0,1,0,0,0,U,
1341385986815700993,0,1,0,0,0,U,
1341386027697467392,0,0,1,0,0,A,E
1341386121251590145,0,0,1,0,0,A,G
1341386506515132416,0,0,1,0,0,A,G
1341386617832026114,0,0,1,0,0,A,G
1341386760014733315,0,0,1,0,0,M,
1341386814427422721,0,1,0,0,0,U,
1341386823910580225,0,0,1,0,0,A,E
1341387371493924866,0,1,0,0,0,A,T
1341387784435752960,0,1,1,0,0,A,G
1341387813590355974,0,0,0,1,0,U,
1341387837791494147,0,0,0,0,1,A,G
1341388319519879170,0,0,1,0,0,M,
1341388395512262663,0,0,1,0,0,M,
1341388539741827073,0,1,0,0,0,A,G
1341388729987035137,0,1,0,0,0,U,
1341388870802419714,0,1,0,0,0,U,
1341389391919521794,0,0,1,0,0,A,G
1341390191400017927,0,1,0,0,0,A,T
1341390204943409155,1,0,0,0,0,A,G
1341390641243303939,0,0,1,0,0,M,
1341390867018428417,0,0,1,0,0,M,
1341391021897342978,0,0,1,0,0,U,
1341391027341541382,0,0,1,0,0,U,
1341391087697575940,1,0,0,0,0,U,
1341391389855236106,0,1,0,0,0,A,T
1341391424533749763,0,1,0,0,0,U,
1341391499666337795,0,0,1,0,0,U,
1341391528099540994,0,0,1,0,0,M,
1341391580968742918,0,1,0,0,0,U,
1341391615609499648,0,0,1,0,0,A,G
1341391979146584065,0,0,1,0,0,U,
1341391985010159619,0,0,1,0,0,U,
1341392947783282693,0,1,0,0,0,A,T
1341393202058817538,1,0,1,0,0,M,
1341393282509795329,0,0,1,0,0,A,G
1341393329322397697,0,1,0,0,0,A,G
1341393360758706178,0,0,1,0,0,U,
1341393567214919684,0,0,0,0,1,A,G
1341393812145487882,0,0,0,1,0,M,
1341394096582258688,0,0,1,0,0,U,
1341394211275468808,0,1,0,0,0,A,G
1341394420290248710,0,0,1,0,0,U,
1341394492067377159,0,0,1,0,0,A,G
1341394555258560512,0,1,1,0,0,A,G
1341394559725686784,0,0,1,0,0,U,
1341394670069420032,0,0,1,0,0,U,
1341395186019004416,0,1,1,0,0,A,G
1341395264507162628,0,0,1,0,0,A,G
1341395718326677505,0,1,0,0,0,A,T
1341395984283267078,0,0,1,0,0,U,
1341396334411198464,0,0,0,1,0,U,
1341396667992580099,0,0,1,0,0,A,G
1341396950688686080,0,0,1,0,0,A,G
1341397341778157569,0,1,0,0,0,U,
1341397603414650882,0,0,1,0,0,A,G
1341397642346115076,0,0,1,0,0,M,
1341397663594520581,0,0,1,0,0,A,G
1341398104692699146,0,0,1,0,0,M,
1341398624606011398,0,0,1,0,0,U,
1341398772316827649,0,0,1,0,1,U,
1341398812175323136,0,1,0,0,0,A,T
1341399171757162500,0,1,0,0,0,A,G
1341399952153559043,0,0,1,0,0,U,
1341400104100622338,0,0,1,0,0,U,
1341400324515500035,0,1,0,0,0,A,G
1341400975144333316,0,0,1,0,0,M,
1341401076713582595,0,1,0,0,0,A,T
1341401126667755521,0,1,0,0,0,A,T
1341401130841063431,0,1,0,0,0,A,T
1341402163180953600,0,0,1,0,0,M,
1341402194936008707,0,1,0,0,0,A,T
1341404245954838539,0,1,0,0,0,A,G
1341404820901642243,0,0,1,0,0,A,G
1341405253955178497,0,1,0,0,0,U,
1341406021932232709,1,1,0,0,1,A,T
1341406072083521536,0,0,1,0,0,U,
1341406240224784385,0,1,0,0,0,A,G
1341406271791095811,0,1,0,0,0,U,
1341406320486998016,0,0,1,0,0,A,G
1341406619255582725,0,0,0,0,1,U,
1341406885451341828,0,0,1,0,0,A,G
1341407046948835331,0,0,1,0,0,A,G
1341407495546413056,0,0,1,0,0,M,
1341407516081745928,0,0,1,0,0,A,G
1341407562412027905,0,1,0,0,0,A,T
1341408021184978946,0,1,0,0,0,A,G
1341409233833758721,0,1,0,0,0,A,T
1341410058689781761,1,0,0,0,0,U,
1341410159202021376,1,1,0,0,0,A,T
1341410228563283970,0,0,1,0,0,U,
1341410476480229378,0,1,0,0,0,A,T
1341410551214317570,0,1,0,0,0,A,T
1341410585012023301,0,1,0,0,0,A,T
1341410879997419520,0,0,1,0,0,M,
1341410888050495497,0,1,0,0,0,A,T
1341411142741188609,0,1,0,0,0,U,
1341412694520414208,0,0,1,1,0,A,G
1341413307463454727,0,0,0,1,0,U,
1341414081195077634,0,1,0,0,0,A,T
1341414236032004097,0,0,1,0,0,A,E
1341414346946195456,0,0,1,0,0,A,G
1341414546326630402,0,1,0,0,0,A,T
1341414673871212549,0,0,0,1,0,U,
1341414727046541321,0,1,0,0,0,A,G
1341414856356990977,0,1,0,0,0,A,T
1341414935029370883,0,1,0,0,0,A,G
1341415071747108864,0,0,1,0,0,U,
1341415995865407490,0,1,0,0,0,A,T
1341417671976480770,0,0,1,0,0,M,
1341417842080681987,0,0,1,0,0,A,G
1341417965225467905,0,0,1,0,0,A,G
1341418016249008128,0,1,0,0,0,A,G
1341418450875338755,0,1,0,0,0,A,T
1341419222895710214,0,1,0,0,0,A,T
1341419841455054849,0,0,1,0,0,A,G
1341420016344977414,0,0,0,0,1,A,G
1341420207420571649,0,1,1,0,0,U,
1341420408386564105,0,0,1,0,0,U,
1341420444377878531,0,0,1,0,0,U,
1341420463021584385,0,0,1,0,0,A,G
1341420659356778503,0,0,1,0,0,U,
1341421036957396992,0,1,1,0,0,U,
1341421722902253568,0,0,1,0,1,M,
1341421997172137985,0,1,0,0,0,A,T
1341422014398009346,0,0,1,0,0,U,
1341422140457938945,0,0,1,1,0,M,
1341422367956815872,0,1,0,0,0,A,T
1341422616490483718,0,1,0,0,0,A,T
1341423079835262976,0,0,1,0,0,U,
1341423765671043074,0,0,1,0,0,U,
1341424421299388417,0,0,1,0,0,A,E
1341424798350491648,0,1,0,0,0,A,T
1341425325452845056,0,0,1,0,0,A,G
1341425641967689728,0,0,1,0,0,U,
1341426126988689409,0,1,0,0,0,A,T
1341426315094683650,0,1,0,0,0,A,T
1341426603595689985,0,0,1,0,0,U,
1341426713239166977,0,1,0,0,0,U,
1341427066621874177,0,0,1,0,0,M,
1341427266555768832,0,0,1,0,0,U,
1341427297035800578,0,0,0,0,1,A,G
1341427471938445313,0,0,1,0,0,A,G
1341428068926193664,0,0,1,0,0,A,G
1341428606745145352,0,0,1,0,0,A,G
1341428816296591360,0,1,0,0,0,A,T
1341428854825644032,0,1,0,0,0,U,
1341428926892130304,0,0,1,0,0,U,
1341429035243429888,0,1,0,0,0,A,T
1341430349662990336,0,0,1,0,0,A,E
1341430522862596102,0,0,1,0,0,U,
1341430976908550147,0,0,1,0,0,M,
1341431084534423558,0,0,1,0,0,M,
1341431269234765826,0,0,1,0,0,U,
1341431334615592987,0,0,1,0,0,U,
1341431664690536449,0,0,1,0,0,A,T
1341432045310918656,0,0,1,0,0,A,G
1341433579595853825,0,0,1,0,0,M,
1341435023321346055,0,1,0,0,0,A,G
1341435404059340803,0,0,1,0,0,A,G
1341436134749057034,0,0,0,1,0,A,G
1341436386130333696,0,0,1,0,0,A,E
1341436500433661956,0,0,1,0,0,M,
1341436681560481794,0,0,1,0,0,A,G
1341436896753410068,0,0,1,0,0,A,G
1341437639086514178,0,1,0,0,0,A,E
1341438482724626433,0,0,1,0,0,A,E
1341439188869279748,0,0,1,0,1,A,G
1341440012949233665,0,0,1,0,0,A,G
1341440365975449608,0,1,0,0,0,A,T
1341441006038704129,1,0,0,0,0,A,G
1341441046975229958,0,1,0,0,0,A,T
1341441248834404352,0,1,0,0,0,A,T
1341442073711415296,0,1,0,0,0,A,G
1341442430906880001,0,1,0,0,0,A,T
1341442816593993730,0,1,0,0,0,A,T
1341443109285212168,0,0,1,0,0,M,
1341443744713752577,0,0,1,0,0,U,
1341443947525251072,0,1,0,0,0,A,T
1341444035257491457,0,0,1,0,0,M,
1341445130801328130,0,0,1,0,0,M,
1341446382817832968,0,0,0,1,0,A,G
1341446598375534594,0,0,1,0,0,A,G
1341446831268478977,0,0,1,0,0,A,G
1341447319946989584,0,0,1,0,0,U,
1341447403501568000,0,0,1,0,0,A,G
1341447482337861632,0,0,0,1,0,U,
1341447829932437506,0,1,1,0,0,U,
1341448105493852160,0,1,0,0,0,A,T
1341448317608353797,0,1,0,0,0,A,T
1341448398348685317,0,1,0,0,0,U,
1341449316456669188,0,1,0,0,0,A,G
1341449621403557895,0,0,1,0,0,A,G
1341449918838317057,0,1,0,0,0,A,T
1341449975729938435,0,0,1,0,0,A,G
1341450537238228992,0,0,0,1,0,U,
1341452370912415744,0,1,0,0,0,A,E
1341453100712931336,0,0,1,0,0,A,G
1341454421759299585,0,0,1,0,0,A,G
1341454483826630658,0,0,1,0,0,A,G
1341454602777063427,0,0,1,0,0,U,
1341455419294830594,0,0,0,1,0,U,
1341456749979709442,0,1,0,0,0,A,T
1341457170316075010,0,0,1,0,0,U,
1341457455096672257,0,1,0,0,0,U,
1341457538596958211,0,1,0,0,0,A,G
1341457556863127555,0,0,1,0,0,A,G
1341457792016805897,0,0,0,1,0,A,G
1341458054303375363,0,1,0,0,0,A,T
1341458083437031425,0,0,1,0,0,A,G
1341459018439602179,0,0,1,0,0,A,E
1341459032230522882,0,0,1,0,0,A,G
1341459253152927744,0,0,1,0,0,A,G
1341459852489617411,0,0,1,0,0,U,
1341460070278815749,0,0,0,1,0,A,G
1341461215067815936,0,0,1,0,0,U,
1341461282608836611,0,0,1,0,0,A,G
1341461591556907009,1,0,1,0,0,A,G
1341462126997725187,0,1,0,0,0,A,G
1341462245503594512,0,1,0,0,0,A,T
1341462249035198467,0,1,1,0,0,A,G
1341463297363648512,0,0,1,0,0,A,G
1341463466184298496,0,1,0,1,0,M,
1341463618764849152,0,1,0,0,0,A,G
1341464387186507781,0,0,0,1,0,U,
1341465490162532352,0,0,1,0,0,U,
1341465920275804160,0,0,1,0,0,A,G
1341466484825047042,0,0,0,0,1,U,
1341466815499804678,0,1,1,0,0,A,G
1341467872560881668,0,0,1,0,0,A,G
1341468730514055169,0,0,1,0,0,A,G
1341469380278927361,0,0,1,0,0,A,G
1341470880719921152,0,0,1,0,0,A,G
1341471322984108033,0,1,0,0,0,A,T
1341471690954518533,0,0,1,0,0,A,G
1341472536127791111,0,1,0,0,0,A,T
1341472847152230403,0,0,1,0,0,A,G
1341472905771819010,0,0,0,1,0,A,G
1341472913820692482,0,1,0,0,0,A,T
1341472967599874048,0,1,0,0,0,A,T
1341473340310106125,0,0,1,0,0,M,
1341473485839872001,0,1,0,0,0,A,T
1341473737401458688,0,0,1,0,0,A,G
1341473888983724033,0,1,0,0,0,A,G
1341474019246301189,0,1,0,0,0,A,G
1341474109000179715,0,0,1,0,0,U,
1341474867816919041,0,1,0,0,0,A,T
1341475260642803714,0,1,0,0,0,A,E
1341475382529286144,0,0,1,0,0,A,G
1341475466537033729,0,0,0,1,0,U,
1341475510199697409,0,1,0,1,0,A,G
1341475575324618752,1,0,0,0,0,U,
1341475612888879107,0,1,1,0,1,A,G
1341475716261687296,0,1,0,0,0,A,T
1341475873954934792,0,1,0,0,0,A,T
1341476047900925952,0,1,0,0,0,A,G
1341476120072511491,1,0,0,0,0,A,G
1341476269226115078,0,0,1,0,0,A,G
1341476680729325572,1,1,0,0,0,U,
1341476712916369417,0,0,1,0,0,A,E
1341477380267892739,0,0,1,0,0,A,G
1341477401805664260,0,1,0,0,0,A,T
1341478124865925124,0,0,0,0,1,U,
1341478274132824064,0,1,0,0,0,U,
1341478696364982273,0,0,1,0,0,M,
1341478792620085248,0,0,1,0,0,A,G
1341478956575436804,0,0,1,0,0,A,G
1341479168064811010,0,0,0,1,0,A,G
1272560819746766848,0,0,0,1,0,A,G
1272560856816115713,0,0,0,1,0,A,G
1272561007743778816,0,0,1,0,0,A,G
1272563446899445772,0,1,1,0,0,A,T
1272567666683699201,0,0,1,0,0,A,G
1272568212245417990,0,1,0,0,0,A,G
1272586921508773892,0,0,1,0,0,A,G
1272591230619332608,0,1,1,0,1,A,T
1272594397671063554,0,0,1,0,0,A,G
1272596636137590793,0,1,0,0,0,A,G
1272599818410635269,0,0,0,0,1,A,G
1272607840167956480,0,1,0,0,0,A,T
1272616765860839426,0,1,0,0,0,A,T
1272620438619697152,0,1,0,0,0,A,G
1272624693355229184,0,1,1,0,0,A,T
1272632252766334976,0,0,1,0,0,A,E
1272635287777280003,0,0,1,0,0,A,G
1272639977248051200,0,1,0,0,0,A,T
1272650034300039170,0,0,1,0,0,A,G
1272650656667426816,0,1,1,0,0,A,T
1272651395129151488,0,1,1,0,0,A,G
1272660036884459520,0,1,0,0,0,A,G
1272660392649674759,0,0,1,0,0,A,G
1272681012762378246,0,1,0,0,0,A,G
1272688091082391552,0,0,1,0,0,A,G
1272688363682832384,0,0,1,0,0,A,G
1272703566075949057,0,0,1,0,0,A,G
1272706466059825154,0,1,1,1,0,A,T
1272712501222764544,0,0,1,1,0,A,G
1272730985629495296,0,1,0,0,0,A,T
1272731205612343296,0,1,1,0,0,A,T
1272802064049946624,0,1,0,0,0,M,
1272829780287721473,0,1,1,0,0,A,G
1272859215154098177,0,1,0,0,0,A,G
1272873055640080384,0,0,1,0,0,A,G
1272873730700648453,0,1,0,0,0,A,T
1272883021130203145,0,1,0,0,0,A,G
1272884020720910340,0,1,0,0,0,A,T
1272896002475921415,0,0,1,0,0,A,G
1272900042639147009,0,1,0,0,0,A,G
1272904343910584324,0,1,0,0,0,A,T
1272923548768763906,0,1,0,0,0,A,T
1272936820360257536,0,1,0,0,0,U,
1272941617998110722,0,0,1,0,0,U,
1272942491226959872,0,1,0,0,0,A,G
1272974743168102400,0,1,0,0,0,A,T
1272977205270843392,0,1,1,0,0,A,T
1273015610662891522,0,1,0,0,0,A,T
1273022248857866240,0,1,0,0,0,A,T
1273069376338460672,0,1,0,0,0,A,G
1273101549758222337,0,1,0,0,0,A,T
1273103158630367232,0,1,0,0,0,U,
1273149465046720512,0,1,0,0,0,U,
1273222301014614016,0,1,0,0,0,U,
1273224961210159107,0,1,0,0,0,A,G
1273296835390640130,0,0,1,0,0,A,G
1273323683885572102,0,1,0,0,0,A,T
1273406860574388224,0,1,1,0,0,A,T
1273409764538691588,0,1,0,0,0,A,G
1273460333479211009,0,0,1,0,0,A,G
1273527680948895744,1,0,0,0,0,A,G
1273535409897668610,0,0,1,0,0,U,
1273542410119925764,0,0,1,0,0,U,
1273626619152863233,0,1,1,0,0,A,G
1273636482754936838,0,0,1,0,0,A,G
1273638535770365954,0,0,1,0,0,A,E
1273647923843289088,0,1,0,0,0,A,G
1273668660159287297,0,1,0,0,0,A,G
1273685712643125256,0,0,1,0,0,A,G
1273695479323332609,0,1,0,0,0,A,G
1273903258088734721,0,1,0,0,0,A,T
1273986319702687744,0,1,0,0,0,A,T
1273986796452548610,0,1,0,0,0,A,T
1274002568021258254,0,0,1,0,0,A,G
1274004771330981890,0,1,1,0,0,A,T
1274054358792110086,0,0,1,0,0,A,G
1274078004373680128,0,1,0,0,0,A,G
1274447166594002946,0,1,0,0,0,A,G
1274530106208399361,0,1,0,0,0,A,T
1275187672340787200,0,0,1,0,0,A,G
1275549101413871618,0,1,0,0,0,A,G
1275555300179947521,0,1,0,0,0,A,G
1276298664005242881,0,1,0,0,0,A,G
1276495302724399104,0,1,0,0,0,A,T
1277947974337753090,1,0,0,0,0,U,
1278311570968281088,0,1,0,0,0,A,G
1278671689879040000,0,1,1,0,0,A,G
1278687349111734272,0,1,0,0,0,A,G
1278698493880807430,0,1,0,0,0,A,E
1278699561876443141,0,1,0,0,0,A,T
1278709562657452032,0,1,0,0,0,A,G
1278720889576554499,0,1,0,0,0,A,T
1278742102558588928,0,1,0,0,0,A,T
1278926362045120513,0,0,1,0,0,A,G
1279022971441631234,0,1,0,0,0,A,T
1279069576031019019,0,0,1,0,0,U,
1279069673682845699,1,0,0,0,0,A,E
1279101548522377216,0,1,0,0,0,A,T
1279129033742172160,0,0,1,0,0,A,G
1279141066499854340,0,1,0,0,0,A,G
1279152546683269123,0,1,1,0,0,A,G
1279159258454646784,0,0,1,0,0,A,G
1279169677147734016,0,0,1,0,0,A,G
1279244913713037312,0,0,1,0,0,U,
1279246694237048833,0,0,1,0,0,A,G
1279248803057582082,0,1,0,0,0,A,T
1279484531595112448,0,1,0,0,0,A,T
1279711354065125381,0,1,0,0,0,A,T
1279881287109492736,0,0,0,1,0,A,T
1280527310546853888,0,1,0,0,0,A,T
1280698677141487618,0,1,0,0,0,U,
1281384988630384641,0,1,0,0,0,A,G
1281427024960159744,0,0,0,1,0,A,E
1281440384619614208,0,0,1,0,0,U,
1281491862558330880,0,0,1,0,0,M,
1281514027986718727,0,0,1,0,0,A,G
1281913108508925952,0,1,0,0,0,U,
1282044700703293441,0,0,1,0,0,U,
1282509356714487811,0,1,0,0,0,A,T
1283520159211311104,0,1,0,0,1,U,
1283617210599178245,0,0,0,1,0,U,
1284627524559962113,0,1,0,0,0,U,
1289967700232400897,0,0,1,0,0,U,
1290630510520213511,0,1,0,0,0,U,
1290634195270868992,0,1,0,0,0,A,T
1290710156003532800,0,1,0,0,0,U,
1290810122688581632,0,1,0,0,0,A,T
1290820674898915329,0,1,0,0,0,U,
1292433682116960256,0,0,1,0,0,U,
1292474446880608259,0,1,0,0,0,A,T
1293352323507396608,0,0,1,0,0,A,E
1293364963084349440,0,0,1,0,0,U,
1293426809061519362,0,1,0,0,0,A,T
1293429685020393472,0,1,0,0,0,A,G
1293439811500548102,0,1,0,0,0,A,T
1293468416666292225,0,0,1,0,0,U,
1293561575949905922,0,1,0,0,0,A,T
1293580054048333824,0,1,0,0,0,A,G
1293917626624815105,0,0,1,0,0,A,G
1293991124390907909,0,0,1,0,0,U,
1294008312531431426,0,1,0,0,0,A,G
1294029325948186624,0,1,0,0,0,A,G
1294366307769442305,0,1,0,0,0,A,G
1294385266908520448,0,1,0,0,0,A,T
1294387812695814144,0,1,0,0,0,A,G
1294388246584020992,0,1,1,0,0,A,E
1294404657297494016,0,0,1,0,1,U,
1294404741691084800,0,1,0,0,0,A,T
1294407092279771137,0,1,0,0,0,A,T
1294408503004557312,0,1,0,0,0,U,
1294409115524104195,0,1,0,0,0,A,T
1294411986088812544,0,1,1,0,0,U,
1294415114301345793,0,1,0,0,0,U,
1294415971965313024,0,1,0,0,0,A,T
1294416355978907648,0,1,0,0,0,A,G
1294417936325648384,0,1,0,0,0,A,G
1294418360592195585,0,1,0,0,0,A,T
1294419132369297408,0,1,0,0,0,A,T
1294430275099713537,0,1,0,0,0,A,E
1294436059519090689,0,1,0,0,0,A,G
1294446508176060417,0,1,0,0,0,A,T
1294633617034027008,0,1,0,0,0,A,T
1295454562690543616,0,1,0,0,0,A,G
1296074185073074178,0,1,0,0,0,A,G
1296088184439230464,0,1,0,0,0,U,
1296582306203725824,0,1,0,0,0,A,T
1296866088563613697,0,1,0,0,0,A,G
1305842528571322369,0,1,1,0,0,U,
1305858406432079874,0,0,1,0,0,A,G
1305862143632441345,0,0,0,0,1,A,G
1305868912379203590,0,0,1,0,0,A,G
1314306749097111552,0,1,0,0,0,A,E
1314616268469743616,0,1,0,0,0,A,G
1320805688801697794,0,1,0,0,0,U,
1321554605118001154,0,0,1,0,0,U,
1333656291756032002,0,1,0,0,0,A,T
1333659827655090178,0,1,0,0,0,A,G
1333672533481156613,0,1,0,0,0,A,G
1333766218004582400,0,0,1,0,0,A,G
1333786453797531648,0,1,0,0,0,A,T
1333845182798647296,0,1,1,0,0,A,T
1333845985248702465,0,1,0,0,0,A,G
1333990390043578368,0,1,0,0,0,A,G
1334106324641189888,0,1,0,0,0,A,T
1334616170914263040,0,1,0,0,0,A,G
1336023042963636225,0,1,1,0,0,A,G
1336290528200192000,0,0,1,0,0,A,G
1336318782034337793,0,1,0,0,0,A,T
1336326723084767235,0,1,0,0,0,A,T
1336332207741235201,0,1,0,0,0,A,G
1336338496743682056,0,1,0,1,0,A,G
1336417015616196611,0,0,1,0,0,A,G
1336430285332783104,0,0,1,0,0,A,G
1336445107562799106,0,1,0,0,0,A,G
1336459410214797313,0,0,1,0,0,U,
1336476507888377859,0,1,0,0,0,A,T
1336505829554614272,0,1,1,0,0,A,T
1336525774061522944,0,1,0,0,0,A,T
1336727447736344577,0,1,0,0,0,A,G
1336907956646891521,0,0,1,0,0,U,
1337363566995906563,0,0,1,0,0,A,G
1337803170161057795,0,1,0,0,0,A,G
1337803172878966785,0,0,1,0,0,A,G
1338276108635136001,0,1,0,0,0,A,T
1338620350205145090,0,1,0,0,0,A,G
1338629807177809922,0,1,0,0,0,A,G
1338633762456784897,0,1,0,0,0,A,G
1338636113934749699,0,1,0,0,0,A,G
1338638371724402688,0,1,0,0,0,A,G
1338642311434166272,0,0,1,0,0,A,G
1338643006090604547,0,0,1,0,0,A,E
1338645820007194630,0,0,1,0,0,A,G
1338647345207107584,0,1,0,0,0,U,
1338648175285051395,0,1,0,0,0,A,G
1338649321273778176,0,1,0,0,0,A,G
1338650134461247494,0,1,0,0,0,A,T
1338650255840092161,0,0,1,0,0,A,G
1338651377719898112,0,0,1,0,0,U,
1338663123117457408,0,0,0,0,1,U,
1338663497610104833,0,0,1,0,0,U,
1338663639679549441,0,1,0,0,0,A,G
1338667832322748416,0,1,0,0,0,A,G
1338669631716749313,0,1,0,0,0,U,
1338669872243478529,0,1,0,0,0,A,G
1338680608940179456,0,0,1,0,0,A,G
1338685537968746496,0,1,1,0,0,A,T
1338685553898708992,0,0,1,0,0,U,
1338685770094133248,0,1,1,0,0,A,G
1338708238850809856,0,1,0,0,0,A,G
1338745002160136192,0,1,0,0,0,A,G
1338750641943044096,0,0,1,0,0,U,
1338764802101940226,0,1,0,0,0,A,T
1338791348015673346,0,0,1,0,0,A,G
1338819885187682304,0,0,1,0,0,A,G
1338821806816436230,0,0,1,0,0,A,G
1338825386512277504,0,0,1,0,0,A,G
1338847199569080321,0,1,0,0,0,A,G
1338849334738169859,0,0,1,0,0,U,
1338855964368257024,0,0,1,0,0,A,G
1338860147079225350,0,1,0,1,0,A,G
1338862942658330629,1,0,1,0,0,A,G
1338864505871187970,0,1,0,0,0,U,
1338865150141497351,0,0,1,0,0,A,G
1338868813920661506,0,1,0,0,0,U,
1338879189810876428,1,0,0,0,0,U,
1338927997156376578,0,1,0,0,0,A,G
1338930091783376897,0,1,1,0,0,A,G
1338932601399123968,0,0,1,0,0,A,G
1338938506308030464,0,1,0,0,0,A,G
1338940399176605698,0,1,0,0,0,A,G
1338969091135180801,0,1,0,0,0,A,G
1338971887230062592,0,1,0,0,0,A,G
1338989812888580096,0,0,0,0,1,U,
1339012648982228992,0,0,1,0,0,A,G
1339021287944036352,0,1,0,0,0,A,G
1339030120452018177,0,0,1,0,0,A,G
1339208767792099328,0,0,1,0,0,A,G
1339274057322258452,0,0,1,0,0,A,G
1339279352232546304,0,1,0,0,0,A,G
1339306302426771459,0,0,1,0,0,A,G
1339328254092607488,0,1,0,0,0,A,T
1339336621003595776,0,1,0,0,0,A,G
1339368736722210818,0,1,0,0,0,U,
1339662273682558983,1,0,0,0,0,A,G
1341742848966848519,0,1,1,0,0,A,G
1342005773086445568,0,0,0,0,1,A,G
1342552218210365442,0,1,0,0,0,A,T
1342560183579455489,0,0,1,0,0,A,G
1342563110008225792,0,1,0,0,0,A,T
1342662122115919872,0,1,0,0,0,A,G
1342674098883801088,0,1,0,0,0,A,G
1342678521798389764,0,1,1,0,0,A,G
1342890649570439169,0,1,0,0,0,A,G
1342939632120553473,0,1,1,0,0,U,
1346606423472545794,0,1,0,1,0,A,T
1272546230254489600,0,1,0,0,0,A,G
1272547246463164417,0,0,1,0,0,A,G
1272548023495618566,0,0,1,0,0,A,G
1272548824888872966,0,0,1,0,0,A,G
1272548898675085312,0,1,0,0,0,A,T
1272549042438852614,0,1,0,0,0,A,G
1272549194805284865,0,1,0,0,0,A,T
1272549473357451264,0,1,0,0,0,A,T
1272549584749752321,0,1,0,0,0,A,T
1272549757664342016,0,1,0,0,0,A,T
1272550160812236801,0,0,1,0,0,A,G
1272551100491522048,0,1,0,0,0,A,T
1272551343098441728,0,1,0,0,0,A,T
1272551920104648704,0,0,1,0,0,A,G
1272552989169823744,0,1,0,0,0,A,T
1272553337024634880,0,1,0,0,0,A,T
1272554210257784833,0,1,0,0,0,A,T
1272555021666676736,0,1,0,0,0,A,T
1272556210940764160,0,1,0,0,0,A,T
1272556253881921538,0,1,0,0,0,A,T
1272556537874124812,0,1,0,0,0,A,T
1272557297009483779,0,0,0,1,0,A,G
1272557765458829313,0,1,0,0,0,A,T
1272558425721810944,0,1,0,0,0,A,T
1272559540135882758,0,1,0,0,0,A,T
1272560819746766848,0,0,0,1,0,A,G
1272561007743778816,0,0,1,0,0,A,G
1272561178594557952,0,1,0,0,0,A,G
1272561525937459205,0,1,0,0,0,A,G
1272562673721331720,0,1,0,0,0,U,
1272565049186553859,0,1,0,0,0,A,G
1272566238020075520,0,1,1,0,0,A,T
1272566859594895372,0,1,0,0,0,A,T
1272567461171343360,0,1,0,0,0,A,T
1272567651022356483,0,1,0,0,0,A,T
1272568212245417990,0,1,0,0,0,A,G
1272569010954043393,0,1,1,0,0,A,G
1272569095955918848,0,0,1,0,0,A,G
1272569475699793923,0,1,0,0,0,A,T
1272570135841091584,0,1,0,0,0,A,T
1272571252058750977,0,0,1,0,0,A,G
1272572476598284289,0,1,0,0,0,A,T
1272573844981723136,0,1,0,0,0,A,T
1272574771738230784,0,1,0,0,0,A,T
1272576136522973186,0,1,0,0,0,A,T
1272576205309349888,0,1,0,0,0,A,T
1272576879585787904,0,1,0,0,0,A,T
1272578451292090370,0,1,0,0,0,A,T
1272581150645649408,0,1,0,0,0,A,T
1272581260049874945,0,1,0,0,0,A,T
1272581493248925698,0,1,0,0,0,A,T
1272581649516003328,0,1,0,0,0,A,T
1272581727735754758,0,1,0,0,0,A,E
1272582392981708801,0,1,1,0,0,A,E
1272582625690112000,0,1,1,0,0,A,T
1272582821706641416,0,0,1,0,0,A,G
1272583117623234560,0,1,0,0,0,A,T
1272583177178152966,0,1,0,0,0,A,T
1272583525431009280,0,1,0,0,0,A,T
1272586918392299520,0,1,0,0,0,A,T
1272586921508773892,0,0,1,0,0,A,G
1272587946776866816,0,1,0,0,0,A,T
1272588090620534785,0,1,0,0,0,A,T
1272588226709118976,0,1,0,0,0,A,T
1272589151855149057,0,1,1,1,0,A,T
1272589391458959363,0,1,0,0,0,A,T
1272589611655626755,0,1,0,0,0,A,T
1272590106558373888,0,1,0,0,0,A,T
1272590578123972608,0,1,0,0,0,A,T
1272591883060088832,0,0,1,0,0,A,T
1272592080368476160,0,1,0,0,0,A,T
1272592239890272256,0,1,0,0,0,A,T
1272593011109621760,0,1,0,0,0,A,T
1272593107113123852,0,1,0,0,0,A,T
1272593126910287873,0,0,1,0,0,A,G
1272593189241831429,0,1,0,0,0,A,G
1272593715639418880,0,1,1,0,0,A,G
1272594178216792064,0,1,0,0,0,A,T
1272594397671063554,0,0,1,0,0,A,G
1272595228097216521,0,1,0,0,0,A,T
1272596636137590793,0,1,0,0,0,A,G
1272597292009177088,0,1,0,0,0,A,T
1272598020866129920,0,1,1,0,0,A,T
1272598741065838593,0,0,1,0,0,A,G
1272599818410635269,0,0,0,0,1,A,G
1272599905517948928,0,1,0,0,0,A,T
1272600481836269571,0,1,0,0,0,A,T
1272602075894030338,0,1,1,0,0,A,G
1272602304672301057,0,1,0,0,0,A,G
1272602447962427393,0,1,0,0,0,A,T
1272603052642430977,0,1,1,0,0,A,G
1272603056631398403,0,1,0,0,0,A,T
1272603533766987777,0,1,0,0,0,A,T
1272603583649890307,0,1,0,0,0,A,G
1272605986885439491,0,1,0,0,0,A,T
1272607014380802048,0,1,0,0,0,A,T
1272607840167956480,0,1,0,0,0,A,T
1272609089558679557,0,1,0,0,0,A,T
1272612092915441664,0,1,0,0,0,A,T
1272612465738575872,0,1,0,0,0,A,G
1272613340766928897,0,1,0,0,0,A,T
1272613520161423360,0,0,1,0,0,M,
1272615302447140878,0,1,0,0,0,A,E
1272615378472939521,0,1,0,0,0,A,T
1272615482470744065,0,0,0,1,0,A,T
1272615602734141440,0,1,0,0,0,A,G
1272618394131460096,0,1,0,0,0,A,T
1272618790077861888,0,0,1,0,0,A,G
1272619152675442688,0,1,0,0,0,A,G
1272619995164553216,0,1,0,0,0,A,G
1272620343681855489,0,1,0,0,0,A,T
1272621211474771968,0,1,0,0,0,A,T
1272622516159123456,0,1,0,0,0,A,T
1272623535631093760,0,1,0,0,0,A,T
1272623598918709250,0,1,0,0,0,A,T
1272624505031196673,0,1,0,0,0,A,T
1272624693355229184,0,1,1,0,0,A,G
1272628371407716369,0,1,0,0,0,A,T
1272628446699503617,0,1,0,0,0,A,G
1272631389263925252,0,1,1,0,0,A,T
1272631697587286016,0,1,0,0,0,A,T
1272635287777280003,0,0,1,0,0,A,G
1272637476583153665,0,1,0,0,0,A,T
1272639451378876419,0,1,0,0,0,A,T
1272645316295168000,0,1,0,0,0,A,G
1272645981335629831,0,1,0,0,0,A,T
1272646297225498627,0,1,0,0,0,A,T
1272647270647820288,0,1,0,0,0,A,T
1272651007026065408,0,1,1,0,0,A,T
1272651395129151488,0,1,1,0,0,A,G
1272652334439391232,0,1,0,0,0,A,T
1272654687553101827,0,1,0,0,0,A,T
1272656990125338625,0,1,0,0,0,A,T
1272658319052869634,0,1,0,0,0,A,G
1272659466891087873,0,1,0,0,0,A,T
1272660088524689408,0,1,0,0,0,A,T
1272660392649674759,0,0,1,0,0,A,G
1272668359973167110,0,1,0,1,0,A,T
1272671037134520320,0,1,0,0,0,U,
1272671351132655622,0,1,0,0,0,U,
1272671487850250240,0,1,0,0,0,U,
1272671627747061760,0,1,0,0,0,U,
1272672614025031680,0,1,0,0,0,U,
1272672927738023937,0,1,0,0,0,U,
1272674710157918209,0,1,1,0,0,A,T
1272674825652391950,0,1,0,0,0,A,G
1272678110660636675,0,1,0,0,0,A,T
1272681012762378246,0,1,0,0,0,A,G
1272681601378508800,0,1,0,0,0,A,T
1272682488486408198,0,0,1,0,0,A,G
1272683645623365636,0,1,0,0,0,A,T
1272688091082391552,0,0,1,0,0,A,G
1272688363682832384,0,0,1,0,0,A,G
1272689017427865600,0,1,0,0,0,A,T
1272691374668648448,1,0,0,0,0,M,
1272697444799852545,0,1,0,0,0,A,T
1272697537237942272,0,1,1,1,0,A,T
1272698375029370880,0,1,0,0,0,A,T
1272698776713523204,0,1,1,0,0,A,T
1272701037955014657,0,1,0,0,0,A,T
1272702545882906630,0,1,0,0,0,A,G
1272703005725306880,0,1,0,0,0,A,T
1272703566075949057,0,0,1,0,0,A,G
1272706466059825154,0,1,1,1,0,A,T
1272710712226459650,0,1,0,0,0,A,T
1272712501222764544,0,0,1,1,0,A,G
1272713636889464840,0,1,0,0,0,A,T
1272717416041242626,0,1,0,0,0,A,T
1272727093059760133,0,1,0,0,0,A,G
1272728970224472064,0,1,0,0,0,A,G
1272731205612343296,0,1,1,0,0,A,T
1272733333622009858,0,1,0,0,0,A,T
1272740647099756545,0,1,0,0,0,A,T
1272741195794415619,0,0,1,0,0,A,G
1272742170366283776,0,1,0,0,0,A,G
1272743184150323206,0,1,0,0,0,A,T
1272743538866876417,0,1,0,0,0,A,T
1272743815099682817,0,1,0,0,0,A,G
1272744906373636096,0,1,0,0,0,A,T
1272751248207343617,0,1,0,0,0,A,T
1272760359204642822,0,0,1,0,0,A,G
1272768179333259264,0,1,0,0,0,A,T
1272788303104880640,0,0,1,0,0,A,E
1272789081701920768,0,1,0,0,0,A,T
1272790246128709632,0,1,0,0,0,A,T
1272793164118704128,0,1,0,0,0,A,G
1272796102815813632,1,1,0,0,0,A,G
1272796420110721024,0,1,0,0,0,A,G
1272799692963921920,0,1,0,0,0,A,G
1272829780287721473,0,1,1,0,0,A,G
1272839428826750981,0,1,0,0,0,A,T
1272855610405662722,0,0,1,0,1,A,E
1272872901776232448,0,1,0,0,0,A,T
1272873743296221190,0,1,0,0,0,A,T
1272880348943331328,0,1,0,0,0,A,G
1272883811458658313,0,0,1,0,0,A,G
1272899149428592640,0,1,0,0,0,A,T
1272899753630728194,0,1,0,0,0,A,T
1272900042639147009,0,1,0,0,0,A,G
1272918287135825920,0,1,0,0,0,A,T
1272918901379051520,0,1,0,0,0,A,T
1272920833732870146,0,1,0,0,0,A,T
1272926523335606272,0,0,1,0,0,A,G
1272933155117264896,0,1,1,0,0,A,T
1272939688345640967,0,1,0,0,0,A,T
1272942626585497600,0,1,0,0,0,A,T
1272952069381427201,0,1,0,0,0,A,T
1272970084781178880,0,1,1,0,0,A,G
1272995403508543489,0,1,0,0,0,U,
1273002416179490824,0,0,1,0,0,A,G
1273007078391627776,0,1,0,0,0,A,T
1273016453311205376,0,1,1,0,0,A,G
1273019034351669248,0,1,0,0,0,A,G
1273046271088103425,0,1,0,0,0,A,G
1273048933816610816,0,1,0,0,0,A,G
1273065700219904005,0,1,0,0,0,A,G
1273069376338460672,0,1,0,0,0,A,G
1273079578211147777,0,0,0,1,0,A,G
1273259122792726528,0,0,1,0,0,A,G
1273272718733963264,0,1,0,0,0,A,G
1273296835390640130,0,0,1,0,0,A,G
1273375294854852609,0,1,0,0,0,A,G
1273406860574388224,0,1,1,0,0,A,T
1273410539515809794,0,1,0,0,0,A,T
1273460333479211009,0,0,1,0,0,A,G
1273498227464179713,0,0,1,0,0,A,E
1273503458809823232,0,1,0,0,0,A,T
1273527680948895744,1,0,0,0,0,A,G
1273535409897668610,0,0,1,0,0,M,
1273542410119925764,0,0,1,0,0,U,
1273568564553924610,0,0,1,0,0,A,T
1273626619152863233,0,1,1,0,0,A,G
1273636482754936838,0,0,1,0,0,A,G
1273638535770365954,0,0,1,0,0,A,G
1273685712643125256,0,0,1,0,0,A,G
1273695479323332609,0,1,0,0,0,A,G
1273698902169051137,0,1,0,0,0,A,G
1273720983124422658,0,1,0,0,0,A,T
1273734647726383117,0,1,0,0,0,A,T
1273804223646294017,0,1,0,0,0,A,T
1273856512666955776,0,1,0,0,0,A,T
1273884080183013376,0,1,0,0,0,A,G
1273903258088734721,0,1,0,0,0,A,G
1273982513443221506,0,1,0,0,0,U,
1273986796452548610,0,1,0,0,0,A,G
1274002568021258254,0,0,1,0,0,A,G
1274054358792110086,0,0,1,0,0,A,G
1274139008142958593,0,1,0,0,0,U,
1274162816505704448,0,1,0,0,0,A,G
1274164255235825665,0,1,0,0,0,U,
1274165417984974848,0,1,0,0,0,U,
1274320450504454144,0,1,0,0,0,U,
1274322608104763393,0,1,0,0,0,U,
1274322844881567744,0,1,0,0,0,U,
1274348964586811393,0,1,0,0,0,A,T
1274447166594002946,0,1,0,0,0,A,G
1274491175563476992,0,1,1,0,0,M,
1274499405257732096,0,0,1,0,0,A,G
1274529185437016069,0,1,0,0,0,A,T
1274642207811780608,0,1,0,0,0,A,T
1274714629210587138,0,1,0,0,0,A,T
1274850717921140736,0,1,0,0,0,A,T
1275187672340787200,0,0,1,0,0,A,G
1275549101413871618,0,1,0,0,0,A,G
1275555300179947521,0,1,0,0,0,A,T
1275611475151904770,0,0,1,0,0,A,G
1276061694746193922,0,1,0,0,0,A,G
1276180801412005888,0,1,0,0,0,A,T
1276501622496075778,0,1,0,0,0,A,T
1276507999616536577,0,1,0,0,0,A,T
1276508403226075137,0,1,0,0,0,A,T
1276651876201742343,0,1,0,0,0,A,T
1277019782173188097,0,1,0,0,0,A,G
1277675810745470976,0,1,0,0,0,A,T
1277995382425993217,0,1,0,0,0,A,G
1278312742064205825,0,1,0,0,0,U,
1278672662806568961,0,1,0,0,0,A,G
1278687349111734272,0,1,0,0,0,A,G
1278698493880807430,0,1,0,0,0,A,E
1278699561876443141,0,1,0,0,0,A,T
1278709562657452032,0,1,0,0,0,A,G
1278720889576554499,0,1,0,0,0,A,T
1278724789671256064,0,1,0,0,0,A,G
1278742102558588928,0,1,0,0,0,A,T
1278752709601099777,0,0,1,0,0,A,G
1278825907877113859,0,1,0,0,0,A,G
1278870749525221377,0,1,0,0,0,A,G
1278926362045120513,0,0,1,0,0,A,G
1278929772676935682,0,1,0,0,0,A,T
1279022971441631234,0,1,0,0,0,A,T
1279052462662365185,0,1,0,0,0,A,G
1279069576031019019,0,0,1,0,0,U,
1279069673682845699,1,0,0,0,0,U,
1279076838321475584,0,0,1,0,0,M,
1279101548522377216,0,1,0,0,0,A,T
1279126993259261952,0,1,0,0,0,A,T
1279129033742172160,0,0,1,0,0,A,G
1279141066499854340,0,1,0,0,0,A,T
1279152546683269123,0,1,1,0,0,A,G
1279157461249712129,0,1,0,0,0,A,G
1279159258454646784,0,0,1,0,0,A,G
1279168861032587268,0,1,0,0,0,A,T
1279170050864406530,0,1,1,0,0,A,G
1279244913713037312,0,0,1,0,0,U,
1279246694237048833,0,0,1,0,0,A,G
1279248803057582082,0,1,0,0,0,A,T
1279250524165062656,0,1,0,0,0,A,T
1279302879396851713,0,0,1,0,0,A,G
1279484531595112448,0,1,0,0,0,A,G
1279515847443320842,0,1,0,0,0,A,G
1279678556478623745,0,0,0,1,0,A,G
1279881287109492736,0,0,0,1,0,A,G
1280146392514789377,0,1,0,0,0,A,T
1280237080191393797,0,0,1,0,0,A,G
1280867860668129280,0,0,1,0,0,A,G
1280908254265184257,0,1,0,0,0,A,G
1281140951570878464,1,0,1,0,0,A,E
1281260136284278790,0,0,1,0,0,U,
1281714761940430849,1,0,0,0,0,U,
1282046261659529216,0,1,0,0,0,A,T
1282479065425797120,0,1,0,0,0,A,G
1283505970564366336,0,1,0,0,0,U,
1284174307946409984,0,1,0,0,0,U,
1284185832878899202,0,1,0,0,0,A,T
1287988949814857729,0,0,0,1,0,A,G
1288659644148092929,0,1,0,0,0,A,G
1290634196344606728,0,1,1,0,0,A,T
1291965882852352000,0,1,0,0,0,U,
1292121995509932033,0,1,0,0,0,U,
1292505939485044736,1,0,0,0,0,U,
1292531302911156225,0,1,0,0,0,A,G
1292826607753846786,0,0,1,0,0,A,G
1293100475563290624,0,0,1,0,1,A,G
1293367502018244609,0,1,0,0,0,A,G
1293392375407087619,0,0,1,0,0,A,G
1293429685020393472,0,1,0,0,0,A,G
1293561575949905922,0,1,0,0,0,A,E
1293580054048333824,0,1,0,0,0,A,G
1293657824744968193,0,1,0,0,0,A,G
1293965760167960577,0,1,0,0,0,U,
1294008312531431426,0,1,0,0,0,A,G
1294029325948186624,0,1,0,0,0,A,G
1294366307769442305,0,1,0,0,0,A,G
1294387812695814144,0,1,0,0,0,A,G
1294388246584020992,0,1,1,0,0,A,G
1294408503004557312,0,1,0,0,0,A,G
1294411986088812544,0,1,1,0,0,U,
1294415114301345793,0,1,0,0,0,A,G
1294415971965313024,0,1,0,0,0,A,G
1294416355978907648,0,1,0,0,0,A,G
1294417936325648384,0,1,0,0,0,A,G
1294418360592195585,0,1,0,0,0,A,T
1294430275099713537,0,1,0,0,0,A,G
1294436059519090689,0,1,0,0,0,A,G
1294437403676073987,0,1,0,0,0,A,G
1294446508176060417,0,1,0,0,0,A,G
1294633617034027008,0,1,0,0,0,M,
1295062932741656577,0,1,0,0,0,U,
1295350111367761921,0,0,0,1,0,U,
1295611415735263233,0,1,0,0,0,A,T
1296074185073074178,0,1,0,0,0,A,G
1296866088563613697,0,1,0,0,0,A,G
1301370240752709632,1,0,0,0,0,A,G
1301377406691717120,0,1,0,0,0,A,T
1301377613269626880,0,1,0,0,0,A,G
1304833944261668871,0,1,1,0,0,A,G
1305696245550374912,0,1,0,0,0,A,T
1307263289001467908,0,0,0,1,0,A,G
1313567050661584896,0,1,0,0,0,A,T
1314616268469743616,0,1,0,0,0,A,G
1330704594234712070,0,0,1,0,0,A,G
1333656291756032002,0,1,0,0,0,A,T
1333657729873821697,0,1,1,0,1,A,T
1333659827655090178,0,1,0,0,0,A,G
1333766218004582400,0,0,1,0,0,A,G
1333780260693807105,0,1,0,1,0,A,T
1333786453797531648,0,1,0,0,0,A,T
1333789170226003973,0,1,0,0,0,A,T
1333801791419387904,0,1,0,0,0,A,T
1333804345524056064,0,1,0,0,0,A,G
1333807527226556417,1,0,0,0,0,U,
1333836139690651652,0,1,0,0,0,A,T
1333845182798647296,0,1,1,0,0,A,T
1333845985248702465,0,1,0,0,0,A,G
1333873639649730560,0,1,0,0,0,A,T
1333904869208379392,0,1,0,0,0,A,T
1333917778428846081,0,0,1,0,0,A,G
1333925339479879682,0,1,0,0,0,A,T
1333990390043578368,0,1,0,0,0,A,T
1334106324641189888,0,1,0,0,0,A,T
1334193570903834624,0,1,0,0,0,A,T
1334616170914263040,0,1,0,0,0,A,G
1334883156953063434,0,0,1,0,0,A,G
1334988038372532229,0,1,0,0,0,A,G
1335061075583062016,0,1,0,0,0,A,G
1336023042963636225,0,1,1,0,0,A,G
1336290528200192000,0,0,1,0,0,A,G
1336290535028510720,0,1,0,0,0,A,G
1336323450147721219,0,1,0,0,0,A,T
1336326723084767235,0,1,0,0,0,A,T
1336332207741235201,0,1,0,0,0,A,G
1336338496743682056,0,1,0,1,0,A,G
1336344602035564544,0,1,0,0,0,A,G
1336417015616196611,0,0,1,0,0,A,G
1336430285332783104,0,0,1,0,0,A,G
1336445107562799106,0,1,0,0,0,A,G
1336459410214797313,0,0,1,0,0,U,
1336476507888377859,0,1,0,0,0,A,T
1336505829554614272,0,1,1,0,0,A,T
1336509784498057225,0,1,0,0,0,A,G
1336525774061522944,0,1,0,0,0,A,G
1336625042147381249,0,1,0,0,0,A,T
1336727447736344577,0,1,0,0,0,A,G
1336907956646891521,0,0,1,0,0,U,
1337363566995906563,0,0,1,0,0,A,G
1337474576964575232,0,1,0,0,0,U,
1337803170161057795,0,1,0,0,0,A,G
1337803172878966785,0,0,1,0,0,A,G
1338276108635136001,0,1,0,0,0,A,T
1338619332348293124,0,1,0,0,0,A,G
1338620350205145090,0,1,0,0,0,A,G
1338629807177809922,0,1,0,0,0,A,G
1338633762456784897,0,1,0,0,0,A,G
1338636113934749699,0,1,0,0,0,A,G
1338638371724402688,0,1,0,0,0,A,G
1338639477829414912,0,0,1,0,0,A,G
1338642311434166272,0,0,1,0,0,A,G
1338643006090604547,0,0,1,0,0,A,G
1338645820007194630,0,0,1,0,0,A,G
1338647345207107584,0,1,0,0,0,A,G
1338648175285051395,0,1,0,0,0,A,G
1338649321273778176,0,1,0,0,0,A,G
1338650134461247494,0,1,0,0,0,A,G
1338650255840092161,0,0,1,0,0,A,G
1338650467262492672,0,1,0,0,0,A,T
1338650713631551490,0,1,0,0,0,A,G
1338651377719898112,0,0,1,0,0,A,G
1338661469768962050,0,1,0,0,0,A,G
1338663123117457408,0,0,0,0,1,U,
1338663497610104833,0,0,1,0,0,U,
1338663639679549441,0,1,0,0,0,A,G
1338667832322748416,0,1,0,0,0,A,G
1338669631716749313,0,1,0,0,0,A,G
1338669872243478529,0,1,0,0,0,A,G
1338680608940179456,0,0,1,0,0,A,G
1338685537968746496,0,1,1,0,0,A,T
1338685553898708992,0,0,1,0,0,A,G
1338685770094133248,0,1,1,0,0,A,G
1338689144579641344,0,1,0,0,0,A,G
1338690214328479745,0,0,1,0,0,U,
1338701776204275714,0,1,0,0,0,U,
1338708238850809856,0,1,0,0,0,A,G
1338745002160136192,0,1,0,0,0,A,G
1338750641943044096,0,0,1,0,0,A,G
1338764802101940226,0,1,0,0,0,A,G
1338791348015673346,0,0,1,0,0,A,G
1338819885187682304,0,0,1,0,0,A,G
1338821806816436230,0,0,1,0,0,A,G
1338825386512277504,0,0,1,0,0,A,G
1338847199569080321,0,1,0,0,0,A,G
1338849334738169859,0,0,1,0,0,A,G
1338855964368257024,0,0,1,0,0,A,G
1338856039383351299,0,1,0,0,0,A,G
1338860147079225350,0,1,0,1,0,A,G
1338862942658330629,1,0,1,0,0,A,G
1338864505871187970,0,1,0,0,0,U,
1338868813920661506,0,1,0,0,0,U,
1338879189810876428,1,0,0,0,0,U,
1338927997156376578,0,1,0,0,0,A,G
1338930091783376897,0,1,1,0,0,A,G
1338932601399123968,0,0,1,0,0,A,G
1338939777874157568,0,1,0,0,0,A,T
1338971887230062592,0,1,0,0,0,A,G
1338989812888580096,0,0,0,0,1,A,G
1338991749306322944,0,0,1,0,0,A,G
1339003227996631041,0,1,1,0,0,A,T
1339012648982228992,0,0,1,0,0,A,G
1339021287944036352,0,1,0,0,0,A,G
1339030120452018177,0,0,1,0,0,A,G
1339253365293912066,0,1,0,0,0,A,G
1339274057322258452,0,0,1,0,0,A,G
1339279352232546304,0,1,0,0,0,A,G
1339315950215196674,0,1,0,0,0,A,G
1339320749409112086,0,1,0,0,0,A,G
1339323173242875906,0,1,0,0,0,A,T
1339328254092607488,0,1,0,0,0,A,T
1339336621003595776,0,1,0,0,0,A,G
1339359050056695809,0,1,0,0,0,A,T
1339368736722210818,0,1,0,0,0,U,
1339507373816369152,0,1,0,0,0,A,T
1339650238328557569,0,1,1,0,0,A,G
1341186022009315328,0,0,1,0,0,U,
1341676186573926400,0,0,1,0,0,U,
1341730525476773895,0,1,0,0,0,A,T
1341742848966848519,0,1,1,0,0,A,G
1341851023690919937,0,0,1,0,0,U,
1341853219350224897,0,1,0,1,0,A,G
1341853341651890176,0,0,1,0,0,A,G
1341854191178768385,0,1,0,0,0,A,G
1342005773086445568,0,0,0,0,1,A,G
1342629013785780224,0,1,0,0,0,A,G
1342890649570439169,0,1,0,0,0,A,G
1342939632120553473,0,1,1,0,0,A,G
1343082801764171777,0,1,0,0,0,A,G
1344054378332880899,0,0,1,0,0,A,G
1344144100736557056,0,0,1,0,1,A,G
1344371683952508929,0,1,0,0,0,A,G
1344707043064737792,0,1,0,0,0,A,T
1346606423472545794,0,1,0,1,0,A,T
1346939928639397889,0,0,1,0,0,A,G
1334322766984736771,0,0,1,1,0,A,G
1334326033038839815,0,1,0,0,0,A,G
1334327549728526336,0,0,1,0,0,U,
1334328250718330882,0,0,1,0,0,U,
1334337339343167491,0,1,0,0,0,U,
1334344324079869952,0,1,0,0,0,A,G
1334345524879626242,0,1,0,0,0,A,G
1334345908528402434,0,1,0,0,0,A,G
1334346422431272961,0,1,0,0,0,A,G
1334346455348219904,0,1,0,0,0,A,T
1334347144652709888,0,1,0,0,0,A,G
1334347317307191298,1,0,0,0,0,M,
1334347355739615233,0,1,0,0,0,A,T
1334347700142104577,0,1,0,0,0,A,G
1334347862579167233,0,1,0,0,0,A,T
1334348683723362310,0,1,0,0,0,A,G
1334348713116909569,0,0,1,0,0,A,G
1334349944703094791,0,1,0,1,0,A,T
1334351448067477505,0,1,0,0,0,A,G
1334352157663870977,0,1,0,0,0,A,G
1334352947707224064,0,1,0,0,0,A,G
1334354034992553987,0,1,0,0,0,A,T
1334354197005864961,0,0,0,1,0,A,G
1334354244837797889,0,1,0,0,0,A,G
1334356273182113792,0,1,0,0,0,A,G
1334357147132387328,0,1,0,0,0,A,G
1334358392744374275,0,1,0,0,0,A,G
1334358968349597696,0,1,0,0,0,A,T
1334359649764536321,0,1,0,0,0,A,G
1334359904161832961,0,1,0,0,0,A,G
1334360040795373568,0,1,0,0,0,A,G
1334360318554890240,0,0,0,1,0,A,G
1334360369880420355,0,1,0,0,0,A,G
1334360405653778433,0,1,0,0,0,A,G
1334361115904499712,0,1,0,0,0,U,
1334361522672439301,0,1,0,0,0,A,G
1334361662611025922,0,1,0,0,0,A,G
1334362045504958464,0,1,0,0,0,A,T
1334362143249096705,0,0,1,1,0,A,G
1334362210638983168,0,0,1,0,0,A,G
1334363052523704322,0,1,0,0,0,A,G
1334363724312948736,0,1,0,0,0,A,G
1334364121886642177,0,1,0,0,0,A,G
1334364471939096576,0,1,0,0,0,A,G
1334364529161998337,0,0,0,1,0,A,E
1334364613870292992,0,1,0,0,0,A,G
1334365053122998272,0,1,0,0,0,A,G
1334366711173107712,0,1,0,0,0,A,G
1334367179551064064,0,1,0,0,0,A,G
1334368194459525121,0,1,0,0,0,A,G
1334368883910721536,0,1,0,0,0,A,G
1334369016547172352,0,1,0,0,0,A,G
1334369710041808899,0,1,0,0,0,A,G
1334369773866672128,0,0,0,1,0,A,G
1334372118717472768,0,0,1,0,0,A,G
1334372290646175744,0,0,1,0,0,A,G
1334372772680585217,0,1,0,0,0,A,G
1334374743085117441,0,1,0,0,0,A,G
1334375070362460160,0,1,0,0,0,A,G
1334375258841882627,0,1,0,0,0,A,G
1334376275658612736,0,1,0,0,0,A,G
1334376793273323520,0,1,0,0,0,A,T
1334376910692835329,0,0,1,0,0,A,G
1334377330974703617,0,0,1,0,0,A,G
1334379126522867712,0,1,0,0,0,A,G
1334379212887760898,0,0,0,1,0,A,G
1334379504203165697,0,1,0,0,0,A,G
1334379996840857600,0,0,0,0,1,U,
1334380343584043008,0,1,0,0,0,A,G
1334381579737686016,0,1,0,0,0,A,G
1334382336855711744,0,1,1,0,0,A,G
1334382525846855680,0,0,0,1,0,A,G
1334383646292238337,0,1,0,0,0,U,
1334383696032329728,0,1,0,0,0,A,G
1334384299618033665,0,1,0,0,0,U,
1334384384141615104,0,0,1,0,0,U,
1334384441066549248,0,1,0,0,0,A,T
1334385472315904000,0,1,0,0,0,A,G
1334385840332681217,0,1,0,0,0,U,
1334385916727713792,0,1,0,0,0,A,G
1334386392789561344,0,0,1,0,0,U,
1334386977534304257,0,1,0,0,0,A,G
1334387216265592833,0,0,1,0,0,A,G
1334387519320776706,0,1,0,0,0,A,G
1334387640418897921,0,1,0,0,0,A,G
1334388056019746818,0,1,0,0,0,A,G
1334389681119776774,0,1,0,0,0,A,G
1334390024272564227,0,0,1,0,0,A,G
1334390383611088898,0,0,1,0,0,A,G
1334390986236112896,0,0,0,1,0,A,G
1334391500772347904,0,1,1,0,0,U,
1334392269147951104,0,1,0,0,0,A,G
1334394362730586112,0,1,0,0,0,A,G
1334394956602101760,0,0,1,0,0,U,
1334395748335509508,0,0,1,0,0,A,G
1334398381297307652,0,0,1,0,0,A,G
1334398701419245569,0,0,1,0,0,U,
1334398774307823616,0,1,0,0,0,A,G
1334399537415393281,0,1,0,0,0,A,G
1334400070783918080,0,1,0,0,0,A,G
1334400228246626306,0,1,0,0,0,U,
1334400859526991872,0,1,0,0,0,A,G
1334403567906553857,0,1,0,0,0,A,G
1334405122319912960,0,1,0,0,0,A,T
1334407873326182402,0,1,0,0,0,A,G
1334413514446950400,0,1,0,0,0,A,G
1334414442986172416,0,1,0,0,0,U,
1334417654686375936,0,0,1,0,0,A,G
1334419327437602816,0,1,0,0,0,A,G
1334419748352888832,0,0,1,0,0,A,G
1334420727357984768,0,1,0,0,0,A,T
1334427212133576706,0,1,1,0,0,A,G
1334427591852384256,0,1,0,0,0,A,G
1334428136629563392,0,1,0,0,0,A,G
1334434500244226051,0,1,0,0,0,A,G
1334436028388663296,0,1,0,0,0,A,G
1334438466348834818,0,0,1,0,0,A,G
1334444641215713282,0,0,0,0,1,A,G
1334445799200223233,0,1,0,0,0,A,E
1334446086501621761,0,1,0,0,0,A,G
1334448048131485696,0,1,0,0,0,A,T
1334449781184335874,0,1,0,0,0,A,G
1334452184533102592,0,1,0,0,0,A,T
1334460929359052800,0,1,0,0,0,U,
1334463640511127554,0,1,0,0,0,A,G
1334467969716539393,0,1,0,0,0,U,
1334473741699600385,0,0,1,0,0,A,G
1334473755519807491,0,0,0,1,0,A,G
1334474161452888064,0,1,0,0,0,A,G
1334475303201218560,0,1,0,0,0,A,G
1334476613124321282,0,1,0,0,0,A,G
1334477210179268608,0,1,0,0,0,A,G
1334477913962508288,0,1,0,0,0,A,G
1334478228057018369,0,1,0,0,0,M,
1334479081136664597,0,0,1,0,0,U,
1334479676874649600,0,1,0,0,0,A,G
1334481536423505927,0,1,0,0,0,A,G
1334481575849852928,0,1,0,0,0,A,G
1334482368275468289,0,1,0,0,0,A,T
1334482748992598018,1,0,0,0,0,U,
1334485150630105091,0,1,1,0,0,A,G
1334485248780931073,0,1,0,0,0,M,
1334486759036624896,0,1,0,0,0,A,G
1334490299205345281,0,1,0,0,0,A,G
1334491520947417089,0,1,0,0,0,A,G
1334491838359736321,0,0,1,0,0,A,E
1334492980288385032,0,1,0,0,0,A,G
1334493551498027009,0,1,0,0,0,A,T
1334493738941427714,0,1,0,0,0,U,
1334494482801315843,0,1,0,0,0,A,G
1334495999654588417,1,0,0,0,0,M,
1334496142705496064,0,0,1,1,0,A,G
1334496282870767621,0,1,0,0,0,A,G
1334497325004148736,0,0,1,0,0,U,
1334497814517313536,0,1,0,0,0,A,E
1334498081266671616,0,1,0,0,0,A,G
1334499025278611457,0,1,0,0,0,A,G
1334500583185686530,0,1,0,0,0,A,T
1334500782008377345,0,1,0,0,0,A,T
1334504784976441346,0,1,0,0,0,A,G
1334504946004213760,0,1,1,0,1,A,G
1334505118474047492,0,0,0,0,1,A,G
1334507396685815810,0,1,0,0,0,U,
1334508242895073280,0,0,1,0,1,A,G
1334508288096911360,0,1,0,0,0,A,G
1334509428167626754,0,1,0,0,0,A,G
1334510596306432003,0,1,0,0,0,A,G
1334511093117558786,0,1,0,0,0,A,G
1334513709234925572,0,1,0,0,0,A,G
1334520248087797764,0,1,0,0,0,A,G
1334520561888878595,0,1,0,0,0,A,G
1334520895654727683,1,0,0,0,0,A,G
1334522013625376768,0,1,0,0,0,U,
1334522092579155969,0,1,0,0,0,A,G
1334522105820573701,0,1,0,0,0,A,G
1334523405383704584,0,0,1,0,0,A,G
1334523424140644356,0,1,0,0,0,A,G
1334524836211646470,0,1,0,0,0,A,G
1334524974976159744,0,1,0,0,0,A,G
1334526991719084032,0,0,1,0,0,A,G
1334529134844899328,0,1,0,0,0,A,G
1334529359923785731,0,0,1,0,0,A,G
1334529551498665984,0,0,1,0,0,A,G
1334529891421859840,0,1,0,0,0,A,T
1334529927832510465,0,0,1,0,0,A,G
1334531253144592385,0,1,0,0,0,A,T
1334531318449926145,0,1,0,0,0,A,G
1334532201745162240,0,1,0,0,0,A,T
1334533478684057600,0,1,0,0,0,A,T
1334534727588429824,0,0,1,0,0,A,G
1334536255217012744,0,1,0,0,0,A,G
1334536674542452737,0,0,0,1,0,A,G
1334537033914720256,0,1,0,0,0,A,T
1334537570420731904,0,1,0,0,0,A,T
1334537866890915842,0,1,0,0,0,A,G
1334539144152887296,0,1,0,0,0,U,
1334539410797281280,0,0,0,1,0,M,
1334540107710427139,0,1,0,0,0,A,T
1334542728399441921,0,0,1,0,0,U,
1334542997858430978,0,1,0,0,0,A,G
1334544364144635918,0,1,0,0,0,A,G
1334545025947103232,0,0,1,0,1,A,G
1334545247263711233,0,1,0,0,0,A,G
1334545393057599488,0,1,0,0,0,A,G
1334546791388176384,0,0,1,0,0,A,G
1334547080228921344,0,0,1,0,0,A,G
1334547080937791488,0,1,1,0,0,A,G
1334547732640505860,0,1,0,0,0,A,G
1334548037482541061,0,1,0,0,0,A,G
1334548821808967680,0,1,0,0,0,A,G
1334548846584717312,0,1,0,0,0,A,T
1334549009235644417,0,0,1,0,0,U,
1334549324806688774,0,0,1,0,0,A,G
1334550051796860928,0,1,0,0,0,U,
1334550761963802624,0,1,0,0,0,A,T
1334551020035313666,0,1,0,0,0,A,T
1334551160414330881,0,0,1,0,0,A,G
1334552980645965826,0,1,0,0,0,A,G
1334553352303087617,0,0,1,0,0,A,E
1334554447519776768,0,1,0,0,0,A,G
1334557525228748801,0,0,1,0,0,A,G
1334557670611664896,0,1,1,0,0,A,G
1334557945971937280,0,1,0,0,0,A,G
1334558718575390720,0,0,1,0,0,A,G
1334559131274014720,0,0,1,1,0,A,G
1334559995157827584,0,0,1,0,0,A,G
1334561231139704833,0,0,0,1,0,A,G
1334561512942288897,0,0,0,0,1,A,G
1334561695608446978,0,1,0,0,0,A,G
1334561895186100227,0,1,0,0,0,A,T
1334563976575770624,0,1,0,0,0,A,G
1334564806930685952,0,0,1,0,0,A,G
1334565418585899008,0,1,0,0,0,U,
1334565556419235842,0,1,0,0,0,A,G
1334567210849890306,0,0,1,0,0,U,
1334567934723727360,0,1,0,0,0,A,G
1334568264320552975,0,0,1,0,0,A,G
1334568611201998848,0,0,0,1,0,A,E
1334568745423970304,0,1,0,0,0,A,T
1334569038417178625,1,0,1,0,0,A,G
1334570524471517185,0,1,1,0,0,U,
1334571130091278336,0,0,1,0,0,A,G
1334571203290271744,0,0,0,0,1,A,G
1334572602132750336,0,1,0,0,0,U,
1334573072993705984,0,1,0,0,0,U,
1334573427047374848,0,1,0,0,0,A,G
1334573844363927558,0,1,0,0,0,U,
1334574101168599040,0,1,0,0,0,A,G
1334574354013761540,0,1,0,0,0,A,G
1334574684340428803,0,1,0,0,0,A,G
1334574947381874688,0,1,0,0,0,A,G
1334575159789846532,0,0,1,0,0,U,
1334576954419290117,0,0,1,0,0,M,
1334577188482527232,0,1,0,0,0,A,G
1334577191561142273,1,0,1,0,1,A,G
1334578083257438208,0,0,1,0,0,U,
1334578703305748480,0,0,1,0,0,M,
1334579361907818496,0,1,1,0,0,A,G
1334579408817037314,0,0,1,0,1,A,G
1334579938926731271,0,1,0,0,0,A,G
1334580531367907328,0,1,0,0,0,A,G
1334581222610112512,0,1,0,0,0,A,G
1334582142899109888,0,1,0,0,0,A,G
1334582294850326529,0,0,1,0,0,M,
1334583260471562241,0,1,0,0,0,A,G
1334583262497402884,0,1,0,0,0,A,G
1334583889688346625,0,1,0,0,0,A,T
1334584153354817537,0,0,1,0,0,A,G
1334584252466282497,0,1,0,0,0,A,G
1334584666385305600,0,0,1,0,0,A,G
1334584709209350145,0,0,0,1,0,A,G
1334584990194049024,0,1,1,0,0,A,G
1334584993583161345,0,1,0,0,0,A,G
1334585549945008132,0,0,1,0,0,A,G
1334585773874622464,0,1,0,0,0,U,
1334586488793739271,0,0,0,0,1,A,G
1334586712668983302,0,1,0,0,0,A,G
1334587238114594818,0,0,0,0,1,A,G
1334587455677157376,0,0,0,0,1,A,G
1334587971820003331,0,0,1,0,0,A,G
1334588264921985025,0,1,0,0,0,A,G
1334588741000650757,0,0,1,0,0,U,
1334589421300027392,0,0,1,0,1,U,
1334591024736460802,0,1,0,0,0,A,T
1334591706935783429,0,0,1,0,0,A,G
1334592967101665280,1,0,0,0,0,A,G
1334593019538882560,0,1,0,0,0,U,
1334593696604463104,1,0,1,0,0,A,G
1334593889072599040,0,0,0,1,0,A,G
1334594063362887681,0,1,0,0,0,A,G
1334594260902010881,0,1,0,0,0,A,G
1334595089025232897,0,0,1,0,0,A,G
1334595131891191809,0,0,1,0,0,A,G
1334595487962456069,0,1,0,0,0,A,G
1334595502382452736,0,0,1,0,0,M,
1334596092328108038,0,1,0,0,0,A,G
1334596202831126529,0,1,0,0,0,A,G
1334596202860601348,0,0,1,0,0,M,
1334596484331933696,0,0,1,0,0,A,G
1334597448740843525,0,1,0,0,0,A,G
1334597499751981056,0,1,0,0,0,A,G
1334598726690680835,0,1,0,0,0,A,G
1334598912905121792,0,1,0,0,0,A,G
1334600390910722050,0,1,0,0,0,A,G
1334600734222864384,0,0,1,0,0,U,
1334601251011637249,1,0,0,0,0,A,G
1334601916307759104,0,1,0,0,0,A,G
1334601950919192576,0,1,0,0,0,U,
1334601956107694086,0,1,0,0,0,A,G
1334601997824221184,0,1,0,0,0,A,G
1334602466369781760,0,1,0,0,0,A,G
1334602955488710659,0,0,1,1,0,A,G
1334603055975837696,0,1,0,0,0,A,G
1334603390219923463,0,0,1,0,0,A,G
1334603514287333376,0,0,1,0,0,U,
1334603965066043397,0,0,1,0,0,A,G
1334604158872109056,0,0,1,0,0,U,
1334604184843378692,0,1,0,0,0,U,
1334604785853452289,0,1,0,0,0,A,G
1334605398536544261,0,1,0,0,0,U,
1334605419222683650,1,0,0,0,0,U,
1334605694817824768,0,0,1,0,0,A,G
1334605752414167040,0,0,1,0,0,U,
1334605885704794112,0,0,1,0,0,A,G
1334606325049929729,0,1,0,0,0,A,G
1334606463923150851,0,1,0,0,0,A,T
1334606848180142085,0,0,1,0,0,A,G
1334608358213517312,0,0,1,0,0,A,G
1334608424982761472,0,1,0,0,0,A,G
1334608883701043200,1,0,0,0,0,U,
1334609495692021760,1,0,0,0,0,M,
1334609608288186370,0,1,0,0,0,A,G
1334609622397816835,1,0,0,0,0,A,G
1334609668711309313,0,1,0,0,0,U,
1334610480573321220,0,0,1,0,0,A,G
1334610870396211201,0,0,1,0,1,A,G
1334610919062552576,0,0,1,0,0,A,G
1334611242388840448,0,1,0,0,0,U,
1334611339604455425,0,0,1,0,0,A,G
1334611442297921536,0,1,0,0,0,A,G
1334612012735852545,0,0,1,0,0,U,
1334612502974504966,0,1,0,0,0,U,
1334612668112658432,1,0,0,0,0,M,
1334612833783455745,1,0,0,0,0,A,G
1334613269793787905,0,1,0,0,0,A,G
1334613307119038469,1,0,0,0,0,M,
1334613400408584192,0,1,0,0,0,A,G
1334613551638573059,1,0,1,0,0,A,G
1334613967688314881,0,0,1,0,0,A,G
1334614855689658368,0,0,1,0,0,A,G
1334615228554878979,0,1,0,0,0,A,G
1334615816365436928,0,0,1,0,0,A,G
1334616400711745537,0,0,0,0,1,A,G
1334616795920162817,0,1,0,0,0,U,
1334617222803701760,0,0,1,1,0,A,G
1334617257780142080,0,0,1,0,0,U,
1334617440882454529,0,1,0,0,0,A,G
1334619120499879941,0,1,0,0,0,U,
1334619296706662404,1,0,0,0,0,M,
1334619806125920268,0,1,1,0,0,M,
1334620063505256452,0,0,1,0,1,A,G
1334620421971468290,0,1,1,0,0,U,
1334622869519818760,0,1,0,0,0,A,T
1334623152647892993,0,1,0,0,0,A,T
1334623856212865024,0,1,0,0,0,A,G
1334623906905219073,0,1,0,0,0,A,T
1334624211898421248,0,0,1,0,0,U,
1334624646293934080,0,0,1,0,1,A,G
1334626477678084096,0,1,0,0,0,A,T
1334626482774151168,0,1,1,0,0,A,G
1334626950170767364,1,0,0,0,0,M,
1334627187190870026,0,1,0,0,0,A,G
1334627265855021062,1,0,0,0,0,A,G
1334627944493441026,0,1,0,0,0,A,G
1334629846517862400,0,1,0,0,0,A,G
1334630772318347265,1,0,0,0,0,A,G
1334631201877929986,0,1,1,0,0,U,
1334631905820516352,0,1,0,0,0,A,T
1334632533347078145,0,1,0,0,0,A,G
1334633155047923717,0,0,1,0,0,A,G
1334633416369856519,0,1,0,0,0,A,G
1334634885382688768,1,0,0,0,0,U,
1334635821484318725,0,0,1,0,1,A,G
1334636032994603008,0,0,1,0,0,A,G
1334636417792794626,0,0,0,1,0,A,G
1334637617858686976,0,0,1,0,0,A,G
1334637764357181440,0,0,1,0,0,A,G
1334637795256700929,0,1,0,0,0,A,G
1334637821492125697,0,1,0,0,0,U,
1334638571853058050,1,0,0,0,0,U,
1334638626567835649,0,0,1,0,0,A,G
1334638688538652674,0,1,0,0,0,A,G
1334639040440627200,0,1,1,0,1,A,G
1334639526988324866,0,1,0,0,0,A,G
1334639756853063681,0,1,0,0,0,A,G
1334640073866964998,0,1,0,0,0,A,G
1334640115264663554,0,0,0,1,0,U,
1334640659156914179,1,0,0,0,0,U,
1334640713921916932,0,0,1,0,1,A,G
1334640993325428736,0,1,0,0,0,A,G
1334641109952122881,0,1,0,0,0,A,G
1334641561880158213,0,0,1,0,0,A,G
1334642374824382470,0,1,0,0,0,U,
1334642560279699459,0,0,1,0,0,A,G
1334643731023220736,0,1,1,0,1,A,G
1334643984233345028,0,0,0,0,1,M,
1334644185371185153,0,1,0,0,0,A,G
1334644448848855042,0,1,0,0,0,A,G
1334645073322053635,0,1,0,0,0,A,T
1334647323373125632,1,0,0,0,0,M,
1334647421641449474,0,0,1,0,0,A,G
1334647740677107713,0,1,0,0,0,A,G
1334647829961322498,0,1,0,0,0,A,G
1334648358129061891,0,0,0,1,0,A,G
1334648753974878209,0,1,0,0,0,A,G
1334648854071959554,0,0,1,0,0,A,G
1334649746909257730,0,0,1,0,0,A,G
1334650411756752896,0,1,0,0,0,A,G
1334651153502654464,1,1,0,0,0,A,G
1334651260318801920,0,0,1,0,0,A,G
1334652370052124678,0,1,0,0,0,A,T
1334652984119201793,0,1,0,0,0,A,T
1334653136871428096,1,0,0,0,0,A,G
1334653344833544199,0,0,1,0,0,A,G
1334653938914766859,1,0,0,1,0,A,G
1334654088370262016,0,1,0,0,0,A,G
1334654216422428678,0,0,1,0,0,M,
1334654514499088384,0,1,0,0,0,A,G
1334654645566906369,0,1,0,0,0,A,T
1334654764018257923,0,1,1,0,0,A,G
1334655381537173504,0,1,0,0,0,A,E
1334655613457068032,0,1,1,0,0,A,E
1334655794927833093,1,0,0,0,0,M,
1334656252622688259,1,0,0,0,0,A,G
1334656268263362564,1,0,0,0,0,A,G
1334656578209845249,1,0,0,0,0,A,G
1334656612938752001,0,1,0,0,0,A,G
1334657073427189765,0,0,1,0,1,A,G
1334657996148895744,0,1,0,0,0,A,G
1334658395849240577,0,1,0,0,0,A,G
1334658501591744512,0,0,0,1,0,A,G
1334659171145428992,1,0,1,0,0,A,G
1334659744477405184,0,1,0,0,0,A,G
1334660382791753730,0,1,0,0,0,A,G
1334660850305671168,0,0,1,0,0,A,G
1334660896258449408,0,1,0,0,0,A,G
1334661265826983936,0,0,1,0,0,A,G
1334661380415369216,0,0,1,0,0,A,G
1334662364675723264,0,1,0,0,0,A,T
1334662389766090758,1,0,0,0,0,A,G
1334664198731616257,0,1,0,0,0,A,G
1334664457360994305,0,0,1,0,0,A,G
1334664942721458176,0,0,1,0,0,A,G
1334664961688268804,0,1,0,0,0,A,G
1334665550983692288,0,1,0,0,0,A,G
1334665896867078144,0,1,0,0,0,A,G
1334666347624747008,0,0,1,0,0,U,
1334666847699038208,0,0,1,0,0,U,
1334669343024615424,0,1,0,0,0,U,
1334670706122977281,0,0,1,0,0,A,G
1334670829322444804,0,0,0,0,1,A,G
1334671474246955008,0,0,1,0,0,A,G
1334672632143339524,0,0,1,0,0,A,G
1334672900234891264,1,0,0,0,0,M,
1334673255144165377,1,0,0,0,0,A,G
1334673385003995136,0,1,0,0,0,A,G
1334673540381958144,0,1,0,0,0,A,T
1334673946109595650,0,0,1,0,0,A,G
1334675087375601667,1,0,0,0,0,A,G
1334675185170083841,0,1,0,0,0,A,G
1334676635635740673,0,1,0,0,0,A,T
1334676852871467009,1,0,0,0,0,A,G
1334676922303967232,0,0,1,0,0,A,G
1334677486903422977,0,0,1,0,0,A,G
1334677960637313024,1,0,0,0,0,A,G
1334678309783953411,0,1,0,0,0,A,T
1334679160191557632,0,1,0,0,0,A,T
1334680813527568392,0,0,0,0,1,A,G
1334681175168835585,0,1,0,0,0,M,
1334681755362717696,0,1,0,0,0,A,G
1334682038230601731,0,0,1,0,0,A,G
1334682098586685440,0,0,1,0,0,A,G
1334682951468998657,0,1,1,0,0,A,G
1334685115621007360,0,0,1,0,0,A,G
1334685603812741121,0,1,0,0,0,A,T
1334685786608967686,0,0,1,0,0,A,G
1334686520624570368,0,1,0,0,0,A,G
1334686879967551488,0,0,1,0,0,A,G
1334686882798690305,0,0,1,0,0,A,G
1334687730941513729,0,1,0,0,0,A,G
1334688746034368515,0,1,0,0,0,A,G
1334689043460845568,1,0,0,0,0,A,G
1334689999053189120,0,0,0,1,0,A,G
1334690174048088072,1,0,0,1,0,A,G
1334690560737603587,0,0,1,0,0,A,G
1334690910857211904,0,1,0,0,0,A,G
1334691634995458051,1,0,0,0,0,A,G
1334691884090839043,0,1,0,0,0,A,G
1334692036671197187,0,0,1,0,0,A,G
1334692045705768960,0,0,1,0,0,A,G
1334692758808797186,0,0,1,0,0,A,G
1334693975412908032,0,0,1,0,0,A,G
1334696633028628480,0,1,0,0,0,A,G
1334697595017584641,0,0,1,0,0,A,G
1334697925654454272,0,1,0,0,0,A,G
1334698372654096384,0,0,1,0,0,A,G
1334699344260452352,1,0,1,0,0,A,G
1334700349517516800,0,1,0,0,0,A,G
1334700534327103489,0,1,0,0,0,A,G
1334701683406999558,0,1,0,0,0,A,G
1334701766915497989,1,0,0,0,0,A,G
1334702419872083970,0,1,0,0,0,A,G
1334702508187521025,0,0,0,1,0,A,G
1334703135185461248,0,0,0,1,0,M,
1334703302479495171,0,1,0,0,0,A,T
1334703497577721857,0,1,0,0,0,A,G
1334705112023896066,0,1,0,0,0,A,G
1334705580662001665,0,1,0,0,0,A,G
1334705901454860289,0,0,0,0,1,M,
1334706535386255361,0,1,0,0,0,A,G
1334707248677810177,0,1,0,0,0,M,
1334708681427083266,0,0,1,0,0,A,G
1334709365241245700,1,0,0,0,0,A,E
1334709851373461509,0,0,1,1,0,A,G
1334710446331457536,0,1,0,0,0,A,T
1334710473065779201,0,1,0,0,0,A,G
1334710774812459009,0,0,1,0,0,A,G
1334711982902034435,0,0,1,0,0,A,G
1334712075801792518,0,0,1,0,0,A,G
1334712195578474502,0,0,1,0,0,A,G
1334712205065875458,0,1,0,0,0,A,G
1334712215543427072,1,0,1,0,0,A,G
1334713678055305217,0,0,1,0,0,A,G
1334713955785183233,0,0,1,0,1,A,G
1334714907279974403,0,0,1,0,0,A,G
1334714975688957953,0,0,1,0,0,A,G
1334716094947471363,1,0,0,0,0,A,G
1334717012606644226,0,0,0,1,0,A,G
1334718220780130304,0,0,1,0,0,A,G
1334719175063826432,0,0,1,0,0,A,G
1334720113514328064,0,1,1,0,0,A,T
1334720149992087553,0,0,1,0,0,A,G
1334720643791810560,0,0,1,0,0,A,G
1334721273793032194,0,0,1,0,0,A,G
1334723607658979328,0,0,1,0,0,A,G
1334723679645786118,0,1,0,0,0,A,G
1334724428207431681,1,0,1,0,0,A,G
1334726147716812800,0,0,0,1,0,A,G
1334727556923265025,0,0,1,0,0,A,G
1334733148077379585,0,0,1,0,0,A,G
1334734385384394753,0,1,0,0,0,M,
1334734622882664448,0,1,0,0,0,A,G
1334734843675074568,0,1,0,0,0,M,
1334734856908103680,0,0,1,0,0,A,G
1334740359491031041,0,0,1,0,0,A,G
1334742029083889664,0,0,1,0,0,A,G
1334742143785598976,0,0,1,0,0,A,G
1334742275855953920,0,0,0,1,0,A,G
1334742420240666625,0,0,1,0,0,A,G
1334743322670342147,1,0,0,0,0,M,
1334743685301460992,0,0,1,0,0,A,G
1334743915090620418,0,1,0,0,0,A,G
1334744066400153600,0,0,1,0,0,M,
1334745950586249218,0,0,1,0,0,A,G
1334746233827590145,0,1,0,0,0,A,G
1334747733517869058,0,0,1,0,1,A,G
1334748050649038848,0,0,1,0,1,A,G
1334750538013892612,0,1,0,0,0,A,G
1334750655991455746,1,0,0,0,0,A,G
1334750837114015746,0,0,1,0,0,A,G
1334753076872409089,0,1,1,0,0,A,G
1334753786091372544,0,1,0,0,0,A,G
1334753861551218689,0,1,0,0,0,A,G
1334754307783024640,0,1,0,0,0,A,G
1334756713354854400,0,1,0,0,0,A,G
1334758457346576387,0,1,0,0,0,A,G
1334759545118351361,0,0,1,0,0,A,G
1334760179422867458,0,0,1,0,0,A,G
1334760512882581506,0,1,0,0,0,A,G
1334762769153847296,1,0,0,0,0,A,G
1334763647504093184,0,0,1,0,0,A,G
1334763662641405952,0,0,1,0,0,A,G
1334764203543064576,0,1,0,0,0,A,G
1334765358604050432,1,0,1,0,0,A,G
1334766501610590212,0,1,0,0,0,A,G
1334767417965174785,0,1,0,0,0,A,G
1334768232805199873,0,1,1,0,0,A,G
1334769832978391040,0,1,0,0,0,A,G
1334770046111985665,0,0,1,0,0,A,G
1334770476737060866,0,1,0,0,0,A,G
1334770977654321154,0,1,0,0,0,A,G
1334771748068339713,0,0,1,0,0,A,G
1334771797078708225,0,0,0,0,1,A,G
1334772019892772867,1,0,0,0,0,A,G
1334772021595607043,1,0,0,0,0,A,G
1334772797000716288,0,1,1,0,0,A,G
1334774110174420992,0,0,1,0,0,A,G
1334776356274663424,1,0,0,0,0,A,G
1334777002109198338,0,0,1,0,0,A,G
1334778318562975746,0,1,0,0,0,U,
1334779288487424000,0,0,1,0,0,A,G
1334779435745206272,0,1,0,0,0,U,
1334779555723227137,0,1,0,0,0,A,G
1334779711906603008,0,0,1,0,0,A,G
1334780024516268035,0,0,1,0,0,A,G
1334781094382739459,0,0,1,0,0,A,G
1334782675505172481,0,0,1,0,0,A,G
1334782974940819459,0,0,0,1,0,A,G
1334784329097093121,0,1,0,0,0,A,G
1334784814143188992,1,0,1,0,0,A,G
1334785814941863937,1,0,0,0,0,A,G
1334786498210787328,0,0,1,0,0,A,G
1334787394353172480,1,0,0,0,0,M,
1334789643351388165,1,0,0,0,0,A,G
1334790680091103234,0,0,0,0,1,A,G
1334791313942863874,0,0,1,0,0,M,
1334792155357974529,0,0,1,0,0,A,G
1334792610230243328,0,0,1,0,0,A,G
1334793229905002498,0,0,1,0,0,A,G
1334793412160131074,0,1,0,0,0,A,G
1334793591483330563,0,0,1,0,0,A,G
1334794031096852487,0,0,1,0,0,U,
1334794093097082880,0,1,0,0,0,A,G
1334794203071705088,0,0,1,0,0,A,G
1334795915819962372,0,0,0,1,0,A,G
1334795948669722625,1,0,0,0,0,A,G
1334797005990846464,0,0,1,0,0,A,G
1334797055206756352,0,0,1,0,0,A,G
1334797839130636288,0,1,0,0,0,A,G
1334799711287476227,0,0,0,1,0,M,
1334799903885758465,0,0,0,1,0,A,G
1334799955823742976,0,0,0,1,0,A,G
1334801083517034497,0,1,0,0,0,A,G
1334801139850747908,0,1,1,0,0,A,G
1334802053093318659,0,1,0,0,0,A,G
1334802295029166081,0,1,1,0,1,A,G
1334802945695772672,0,1,0,0,0,A,G
1334806642165227520,0,0,1,0,1,A,G
1334806819424899073,0,1,0,0,0,A,G
1334807669404786691,1,0,0,0,0,A,G
1334809057232904193,0,0,1,0,0,U,
1334809101289861121,0,0,1,0,0,A,G
1334809491024601088,0,1,1,0,0,M,
1334809838837174275,0,1,1,0,0,U,
1334812820865740801,1,0,0,0,0,A,G
1334813870347743232,0,0,1,0,1,A,G
1334814077449854978,0,0,1,0,0,A,G
1334815114269253632,0,1,1,0,0,A,G
1334815407723720704,0,0,0,0,1,A,G
1334816999847972864,1,0,0,0,0,A,G
1334817843767021573,0,1,0,0,0,U,
1334817958762307584,0,1,0,0,0,A,G
1334819173659267072,0,1,0,0,0,A,G
1334821109070520321,0,0,1,0,0,A,G
1334821460565745664,0,0,1,0,0,A,G
1334822085848428545,0,0,0,0,1,A,G
1334822132631678982,0,0,1,0,0,A,G
1334824870224465920,0,0,1,0,0,M,
1334825140375474178,0,0,1,0,0,U,
1334825565774368772,1,0,0,0,0,A,G
1334826911684497408,1,0,0,0,0,A,G
1334826918898765826,0,0,1,0,0,A,G
1334827739002654720,0,0,1,0,0,A,G
1334828458480979969,1,0,1,0,0,A,G
1334828492492566528,0,1,0,0,0,U,
1334830738231975937,1,0,1,0,0,A,G
1334830836919615491,0,1,0,0,0,A,G
1334831261458849795,0,1,0,0,0,A,G
1334831496780263426,0,0,0,0,1,U,
1334832542755807233,0,0,1,0,0,U,
1334832683319484416,0,0,1,0,0,A,G
1334832732749385728,0,0,1,0,0,A,G
1334832964400803841,0,0,1,0,0,A,G
1334833278839382018,0,0,0,1,0,A,G
1334833388595924993,0,1,0,0,0,A,G
1334833435752488960,0,0,1,0,0,A,G
1334834990148882432,1,0,1,0,0,A,G
1334838001105506305,0,0,1,0,0,A,E
1334838248519163904,0,1,0,0,0,U,
1334838810576736256,0,1,1,0,0,A,G
1334839833932554241,0,1,0,0,0,A,T
1334840057132441600,0,1,0,0,0,A,G
1334840340910575624,0,0,0,0,1,U,
1334840449668964353,0,0,1,0,0,A,G
1334841127401181187,0,0,1,0,0,U,
1334842375450071040,1,0,0,0,0,A,G
1334843010287362050,0,0,1,0,0,U,
1334843150339280899,0,1,0,0,0,U,
1334843944857952264,0,0,1,0,0,A,G
1334844347301453824,0,0,1,0,0,A,G
1334845351384281089,1,0,0,0,0,U,
1334845588102406145,0,0,1,0,0,A,G
1334846020593700869,0,1,0,0,0,A,T
1334847851856334851,1,0,1,0,0,A,G
1334848135395467266,0,1,0,0,0,A,G
1334848275917180928,0,1,0,0,0,A,G
1334848467349475328,0,1,0,0,0,A,G
1334849242897276929,0,0,0,0,1,A,G
1334849773908729858,0,1,1,0,0,M,
1334850115618672640,0,0,0,0,1,M,
1334851720669765632,0,0,1,0,0,A,G
1334851888735531008,0,0,1,0,0,A,G
1334852792381530113,0,0,1,0,0,U,
1334853172913909763,0,1,0,0,0,A,T
1334853770241581058,0,1,0,0,0,U,
1334855015756754944,1,0,1,0,0,A,G
1334855061676154880,0,0,1,0,0,A,G
1334855102771978240,0,1,0,0,0,A,T
1334855140206055426,0,0,1,0,0,U,
1334855849425170432,0,0,1,0,1,A,G
1334856333665906690,0,0,1,0,0,A,G
1334857604661719042,0,1,0,0,0,A,G
1334858172637605890,0,1,0,0,0,U,
1334858609826664450,0,1,0,0,0,A,G
1334858835580702722,0,1,0,0,0,A,G
1334859748097724419,0,0,1,0,0,M,
1334859839902724098,0,1,0,0,0,M,
1334860549285437443,0,1,0,0,0,A,G
1334860703556055040,0,1,0,0,0,A,G
1334860826524733445,0,1,0,0,0,A,G
1334861021383680001,0,1,0,0,0,A,G
1334861802400854016,1,0,0,0,0,M,
1334861804510588928,0,1,1,0,0,A,G
1334861866888269824,0,0,1,0,0,M,
1334862601008852998,0,1,0,0,0,A,G
1334863277420142593,0,1,0,0,0,U,
1334864343360557058,0,0,1,0,0,U,
1334865684606672903,0,0,1,0,0,A,G
1334865996381892608,0,1,0,0,0,A,G
1334866050182213633,0,0,1,0,0,A,G
1334866331028627457,0,0,1,0,0,A,G
1334867214449713154,1,0,0,0,0,A,G
1334868461906964480,0,1,0,0,0,A,T
1334868508249903105,0,0,1,0,0,A,G
1334869539553746944,0,0,1,0,0,A,G
1334869976596045832,0,1,0,0,0,A,T
1334870039275704321,0,1,0,0,0,U,
1334870112848007173,0,1,0,0,0,A,G
1334871368790315008,1,0,0,0,0,A,G
1334871835436052483,0,0,1,0,0,A,G
1334872082509942794,0,0,1,0,0,A,G
1334873043500494849,0,0,1,0,0,A,G
1334873139625517058,0,1,0,0,0,A,G
1334874025986830336,0,0,1,0,0,A,G
1334876801160634370,0,0,1,0,0,A,G
1334878196483887105,0,0,1,0,0,A,G
1334878334560428038,0,1,0,0,0,A,G
1334878892063137794,0,1,1,0,0,A,G
1334879026582855682,0,0,1,0,0,A,G
1334879383413170184,0,1,0,0,0,A,G
1334879520889974786,0,1,0,0,0,A,G
1334879897534291969,0,1,0,0,0,A,G
1334880151755165697,0,0,1,0,0,A,G
1334881399736852484,1,0,1,0,0,A,G
1334881589512130560,0,0,1,0,0,A,G
1334882553690423296,0,1,0,0,0,A,G
1334883039042670592,0,0,1,0,0,A,G
1334883704536182785,0,0,1,0,0,A,G
1334885325064216578,0,0,1,0,0,A,G
1334885326851104769,0,0,1,1,1,A,G
1334885334383878144,0,1,1,0,0,A,G
1334886127375794177,1,0,1,0,0,A,G
1334886317151440896,0,1,0,0,0,A,G
1334886556667146242,0,1,0,0,0,A,G
1334886647834480641,0,0,0,1,0,A,G
1334886654109229057,0,0,1,0,0,A,G
1334887373465931778,0,0,1,0,0,A,G
1334888197298515968,0,1,0,0,0,A,G
1334889626109161476,1,0,1,0,0,A,G
1334891000309813248,0,0,1,0,1,A,G
1334891328228954116,0,0,1,0,0,A,G
1334891390682075136,0,1,0,0,0,A,G
1334891559368622082,0,1,1,0,0,A,G
1334891914500464641,0,0,1,0,0,A,G
1334892051591262210,1,0,0,0,0,A,G
1334892313072574466,0,0,1,0,0,A,G
1334893162456739843,0,0,1,0,0,A,G
1334893273677262848,0,0,1,0,0,A,G
1334893521342492673,0,1,0,0,0,A,G
1334893785495396352,1,0,0,0,0,A,G
1334893883696836608,0,0,1,0,0,A,G
1334893963078090752,1,0,0,0,0,A,G
1334894033362153473,0,0,1,0,0,A,G
1334894710771617793,1,0,0,0,0,A,G
1334894711727939584,0,0,1,0,0,A,G
1334894946034315266,1,0,0,0,0,U,
1334895030503399426,0,0,1,0,0,A,G
1334896559364911105,0,1,0,0,0,A,G
1334896658862071811,0,1,0,0,0,A,G
1334896858855038979,0,0,1,0,0,A,G
1334896947329634304,0,0,1,0,0,A,G
1334897717382885377,0,1,0,0,0,A,G
1334897866926673920,0,0,1,0,0,A,G
1334898358163476482,1,0,0,0,0,A,G
1334898768584474624,0,0,1,0,0,A,G
1334898848846798858,0,0,0,1,0,A,G
1334899537274540033,0,0,1,0,0,A,G
1334899709396348931,0,1,0,0,0,A,T
1334899983493910531,0,0,1,0,0,A,G
1334901594584875009,0,1,0,0,0,A,G
1334901890111430656,0,0,1,0,0,A,G
1334902393025261572,0,0,0,0,1,A,G
1334902480644268049,0,1,1,0,0,M,
1334902793270910983,0,1,0,0,0,A,G
1334904406232494091,1,0,0,0,0,A,G
1334904848299470850,0,1,0,0,0,A,G
1334905884040982528,0,0,0,1,0,A,G
1334905975854288897,0,1,0,0,0,A,T
1334906123216846848,0,0,1,0,0,A,G
1334906154032349184,0,1,0,0,0,A,T
1334906285263888386,0,0,0,0,1,A,T
1334906748495421443,0,0,1,0,0,M,
1334906881815396353,0,1,0,0,0,M,
1334907119674351616,0,0,1,0,0,U,
1334907814746185731,0,0,1,0,0,A,G
1334908583184654338,0,1,0,0,0,A,T
1334908633654718465,0,1,0,0,0,A,T
1334908795793838082,0,1,0,0,0,A,G
1334910043129405441,0,0,1,0,0,A,G
1334910524870569984,0,1,0,0,0,A,T
1334910677148979201,0,0,1,0,0,U,
1334911664374820865,0,1,0,0,0,M,
1334912033972744194,0,0,1,0,0,A,G
1334912368128692226,0,0,1,0,0,A,G
1334912596202442756,0,1,0,0,0,U,
1334912646261452802,0,0,1,0,0,A,G
1334913778471874560,0,1,0,0,0,A,G
1334913873200050177,0,1,0,0,0,A,T
1334913934328008704,1,0,0,0,0,A,G
1334914361907810304,0,1,0,0,0,A,G
1334914373467340800,0,1,1,0,0,A,G
1334914640778706945,0,0,1,0,0,A,G
1334914799688318977,0,0,1,0,0,A,G
1334915417559638017,0,0,1,0,0,A,G
1334915625542565888,0,0,1,0,0,A,G
1334916499740504064,0,0,1,0,0,A,G
1334916556103561216,0,0,1,0,0,A,G
1334917145210343426,0,1,1,0,0,A,T
1334917239833649153,0,0,0,1,0,A,G
1334917696127979520,0,0,1,0,0,A,G
1334917899740385280,0,0,1,0,0,A,G
1334918150773731328,0,1,0,0,0,A,T
1334919780143390724,0,0,1,0,0,A,G
1334919895025217536,0,1,0,0,0,A,G
1334920179424374785,0,1,0,0,0,A,T
1334921904747147264,0,0,1,0,0,A,G
1334922193785008132,0,0,1,0,0,A,G
1334922542017110019,0,1,0,0,0,U,
1334923365157572609,0,0,1,0,0,A,G
1334923678451023872,0,1,1,0,0,A,T
1334924139476496384,0,1,1,0,0,A,G
1334924484147617795,0,0,1,0,0,A,G
1334925204607397888,0,1,0,0,0,A,G
1334925611723149312,0,1,0,0,0,A,G
1334925642245279744,1,0,1,0,0,A,G
1334926574093619200,0,1,1,0,1,A,G
1334927308344455175,0,0,1,0,0,A,G
1334928438944280576,1,0,0,0,0,A,G
1334928562919329792,0,1,0,0,0,A,G
1334929148779892737,0,0,1,0,1,A,G
1334930584808853506,0,0,1,0,0,M,
1334932977357258752,0,0,1,0,0,A,G
1334933100049162245,0,1,0,0,0,U,
1334933269218025472,0,0,1,0,0,A,G
1334933402336825345,0,1,0,1,0,A,T
1334934806988263424,0,0,1,0,1,A,G
1334934807403503616,0,0,1,0,0,A,G
1334935336930193415,0,0,1,0,0,A,G
1334935898434068480,0,0,1,0,0,A,G
1334936680663576576,0,0,1,0,0,A,E
1334937065268506624,0,0,0,0,1,M,
1334937627460571139,1,0,1,0,0,A,G
1334937688068132864,0,0,1,0,0,U,
1334937759115571200,0,1,0,0,0,A,T
1334937996357902336,0,0,1,0,0,A,G
1334939333825064961,1,0,0,0,0,A,G
1334939400590004224,0,1,0,0,0,A,G
1334939994775961601,1,0,0,0,0,M,
1334940071087153159,0,0,1,0,0,A,G
1334940450512244737,0,1,0,0,0,U,
1334941419417513990,0,0,1,0,0,A,G
1334941741762408451,0,1,0,0,0,M,
1334942005919510528,1,0,0,0,0,A,G
1334942350183960578,0,1,0,0,0,A,T
1334942511266025472,0,0,1,0,0,U,
1334942874119659521,0,0,1,0,0,A,G
1334943567941287936,0,0,1,0,0,U,
1334943880878288897,0,0,1,0,0,U,
1334943953179844611,0,0,1,0,0,U,
1334944158906081282,0,0,1,0,0,U,
1334944321175388161,0,1,0,0,0,U,
1334944514541318145,0,0,1,0,0,U,
1334944547760173056,0,0,1,0,0,M,
1334945042742599680,0,0,1,0,0,A,G
1334945288029491202,0,0,1,0,0,A,G
1334945811679956992,0,0,0,1,0,M,
1334945955209080832,0,1,1,0,0,A,G
1334946620123787264,0,0,1,0,0,A,G
1334946766890921984,0,0,1,0,0,A,G
1334947086681305091,0,0,0,1,0,M,
1334947397810601984,0,1,0,0,0,A,G
1334948108292272138,0,1,0,0,0,A,G
1334948405122977795,0,1,0,0,0,A,G
1334948636514418688,0,0,1,0,0,U,
1334949041105334272,0,0,1,0,0,M,
1334949084805935108,0,0,1,0,0,A,G
1334949271066599426,0,0,0,1,0,A,G
1334949352461185024,0,1,0,0,0,A,G
1334949471038414856,0,0,1,0,0,A,G
1334950133952212992,0,0,1,0,0,U,
1334950642020798464,0,0,0,1,0,U,
1334952289807699968,0,0,1,0,0,U,
1334953100587589632,0,0,0,1,0,U,
1334953281089544192,0,0,1,0,0,U,
1334953609373478912,0,0,1,0,0,U,
1334954568686432256,0,0,1,0,0,U,
1334954646834561025,0,1,1,0,0,A,G
1334955515034550273,0,1,0,0,0,A,G
1334958394717966338,0,0,0,1,0,A,G
1334960026197262336,0,0,1,0,0,U,
1334960062184484865,1,0,0,1,0,A,G
